Open,High,Low,Close,Volume,
1.10926,1.11804,1.10787,1.11106,172103,
1.11108,1.12075,1.10011,1.10102,174312,
1.10048,1.10086,1.09579,1.09770,63921,
1.09767,1.09804,1.08624,1.08736,178437,
1.08737,1.09281,1.08186,1.09033,179001,
1.09032,1.09578,1.08660,1.09468,197469,
1.09467,1.10054,1.09247,1.09908,173636,
1.09795,1.09878,1.08861,1.09255,159923,
1.09256,1.11924,1.09148,1.11494,215640,
1.11496,1.12840,1.10782,1.12728,219267,
1.12727,1.13789,1.12214,1.12371,211719,
1.12369,1.12824,1.10483,1.11160,222883,
1.10965,1.13057,1.10832,1.12902,183570,
1.12903,1.13446,1.12130,1.12814,197940,
1.12815,1.13856,1.12589,1.13217,228626,
1.13218,1.13305,1.11807,1.12571,186185,
1.12568,1.12946,1.11501,1.12649,195396,
1.12101,1.12934,1.11873,1.12836,163318,
1.12829,1.13286,1.12052,1.12465,149380,
1.12466,1.13569,1.12042,1.13361,187414,
1.13362,1.14353,1.13294,1.13580,198598,
1.13570,1.14003,1.12908,1.13479,142448,
1.13760,1.14092,1.13108,1.13391,146041,
1.13388,1.13463,1.11338,1.11667,170182,
1.11665,1.12336,1.11535,1.12022,163915,
1.12029,1.12269,1.11527,1.12023,139401,
1.12029,1.12188,1.11289,1.11724,128573,
1.10049,1.12773,1.09534,1.12344,282808,
1.12345,1.12433,1.11113,1.11467,195364,
1.11458,1.11704,1.10417,1.10521,154396,
1.10519,1.11204,1.10311,1.10827,136727,
1.10829,1.11167,1.10640,1.11133,92688,
1.09917,1.10947,1.09685,1.10548,183530,
1.10550,1.10577,1.09148,1.10096,202439,
1.10100,1.10919,1.09730,1.10750,200086,
1.10751,1.11242,1.09905,1.10352,174717,
1.10353,1.12150,1.10296,1.11589,203001,
1.10935,1.11958,1.09944,1.10010,194568,
1.09989,1.10845,1.09642,1.10090,165421,
1.10092,1.10346,1.09288,1.09448,160486,
1.09463,1.09616,1.08543,1.08750,157230,
1.08741,1.09058,1.08274,1.08279,128114,
1.08304,1.08681,1.08074,1.08239,120561,
1.08238,1.09684,1.08106,1.09341,143072,
1.09337,1.09662,1.08686,1.09275,139559,
1.09274,1.10174,1.09211,1.09848,143118,
1.09862,1.09952,1.09246,1.09771,121385,
1.09798,1.11283,1.09683,1.10866,151449,
1.10874,1.10986,1.10209,1.10590,124885,
1.10591,1.10830,1.09658,1.09820,154086,
1.09824,1.09882,1.08923,1.09301,138740,
1.09302,1.11131,1.09201,1.09833,180137,
1.09734,1.09949,1.09401,1.09495,122836,
1.09494,1.09869,1.08781,1.08797,133468,
1.08798,1.09363,1.08470,1.09040,145481,
1.09041,1.09428,1.08718,1.09242,118832,
1.09243,1.09773,1.08542,1.09653,147513,
1.09639,1.10404,1.09242,1.10181,119022,
1.10180,1.10878,1.09596,1.10408,167240,
1.10410,1.12130,1.10231,1.11561,182480,
1.11566,1.11879,1.10789,1.11491,141084,
1.11492,1.11876,1.10968,1.11085,125239,
1.11188,1.11238,1.10577,1.10784,114355,
1.10777,1.10927,1.10160,1.10236,102884,
1.10251,1.11332,1.10166,1.11206,159187,
1.11199,1.12437,1.11061,1.12415,158915,
1.12413,1.13881,1.12283,1.13864,196156,
1.13779,1.17153,1.13686,1.16172,412726,
1.16179,1.16210,1.13951,1.15144,330841,
1.15149,1.15603,1.12907,1.13124,315041,
1.13123,1.13634,1.12019,1.12441,215955,
1.12472,1.13087,1.11546,1.11834,169095,
1.11725,1.12615,1.11695,1.12094,139284,
1.12097,1.13311,1.12072,1.13147,211896,
1.13146,1.13185,1.12154,1.12251,167592,
1.12256,1.12424,1.10862,1.11216,178515,
1.11218,1.11888,1.10881,1.11469,172475,
1.11639,1.11766,1.11207,1.11687,110392,
1.11689,1.12285,1.11513,1.12014,143028,
1.12015,1.12152,1.11307,1.12059,150650,
1.12060,1.12944,1.11705,1.12779,184789,
1.12782,1.13485,1.12531,1.13370,155328,
1.13318,1.13721,1.12825,1.13155,111294,
1.13154,1.13278,1.12577,1.12686,109636,
1.12684,1.13195,1.12130,1.12919,98257,
1.12906,1.14402,1.12832,1.14310,202450,
1.14331,1.14592,1.12683,1.12969,179998,
1.12828,1.13290,1.11801,1.11887,143550,
1.11886,1.12070,1.11127,1.11194,137790,
1.11195,1.12125,1.11046,1.11843,160161,
1.11848,1.12948,1.11634,1.12288,172807,
1.12296,1.12331,1.11151,1.12011,170901,
1.11863,1.12467,1.11451,1.12437,153247,
1.12434,1.12802,1.11928,1.12482,162341,
1.12480,1.12603,1.11562,1.11753,146926,
1.11749,1.12080,1.11339,1.11964,131978,
1.11935,1.13175,1.11493,1.12097,197270,
1.12194,1.12882,1.11723,1.11869,166412,
1.11870,1.12785,1.11710,1.12706,131750,
1.12707,1.12834,1.12104,1.12364,150641,
1.12365,1.13263,1.12335,1.12754,150398,
1.12748,1.13864,1.12661,1.13592,156805,
1.13605,1.13958,1.13537,1.13570,100482,
1.13569,1.14099,1.13430,1.13780,121911,
1.13779,1.14879,1.13766,1.14730,142380,
1.14727,1.14941,1.13621,1.13894,167940,
1.13825,1.13952,1.13332,1.13483,122770,
1.13588,1.13780,1.13045,1.13249,137368,
1.13253,1.13860,1.13229,1.13438,104310,
1.13437,1.13764,1.13328,1.13378,109515,
1.13377,1.13501,1.10990,1.11074,204897,
1.11073,1.11386,1.09955,1.10123,194402,
1.10014,1.10672,1.10006,1.10565,133870,
1.10564,1.10776,1.10292,1.10488,125017,
1.10487,1.10947,1.08958,1.09223,186333,
1.09222,1.09849,1.09011,1.09768,166747,
1.09769,1.10715,1.09645,1.10017,194423,
1.10356,1.10519,1.09993,1.10156,118188,
1.10157,1.10289,1.09347,1.09628,117444,
1.09631,1.09669,1.08430,1.08643,151981,
1.08642,1.08967,1.08325,1.08831,145032,
1.08828,1.08927,1.07047,1.07372,153748,
1.07288,1.07889,1.07180,1.07501,133164,
1.07502,1.07629,1.06732,1.07232,134333,
1.07230,1.07726,1.07044,1.07423,125239,
1.07415,1.08296,1.06900,1.08126,193978,
1.08128,1.08160,1.07130,1.07619,162172,
1.07398,1.07571,1.06734,1.06854,150829,
1.06855,1.06897,1.06296,1.06407,145985,
1.06406,1.06915,1.06158,1.06586,136772,
1.06585,1.07619,1.06543,1.07330,166079,
1.07331,1.07373,1.06391,1.06418,137287,
1.06370,1.06557,1.05913,1.06354,140710,
1.06353,1.06723,1.06185,1.06419,142335,
1.06420,1.06882,1.05647,1.06239,167822,
1.06236,1.06264,1.05989,1.06093,87658,
1.06092,1.06369,1.05673,1.05918,106502,
1.05880,1.05940,1.05568,1.05632,113851,
1.05635,1.06360,1.05621,1.06311,130014,
1.06314,1.06358,1.05496,1.06134,152228,
1.06136,1.09798,1.05208,1.09386,275209,
1.09387,1.09551,1.08351,1.08825,264536,
1.08708,1.08862,1.07950,1.08363,149202,
1.08359,1.08997,1.08291,1.08886,163824,
1.08887,1.10413,1.08774,1.10237,206795,
1.10246,1.10246,1.09238,1.09398,165164,
1.09397,1.10297,1.09255,1.09887,194167,
1.09832,1.10476,1.09444,1.09906,200381,
1.09905,1.10586,1.09035,1.09290,178426,
1.09294,1.09997,1.08870,1.09109,237352,
1.09108,1.09135,1.08018,1.08250,175569,
1.08249,1.08734,1.08038,1.08621,188131,
1.08529,1.09381,1.08469,1.09136,133378,
1.09138,1.09830,1.09013,1.09554,121919,
1.09555,1.09559,1.08687,1.09095,102618,
1.09094,1.09663,1.09028,1.09517,64083,
1.09525,1.09914,1.09525,1.09664,80670,
1.09654,1.09915,1.08988,1.09195,97754,
1.09194,1.09436,1.09017,1.09317,101268,
1.09320,1.09369,1.08527,1.08648,74852,
1.08726,1.09462,1.07810,1.08306,179691,
1.08300,1.08387,1.07105,1.07481,131385,
1.07478,1.08002,1.07188,1.07819,159221,
1.07818,1.09389,1.07719,1.09309,202154,
1.09313,1.09326,1.08036,1.09245,210668,
1.09178,1.09690,1.08466,1.08577,166179,
1.08579,1.08991,1.08185,1.08570,153168,
1.08569,1.08867,1.08038,1.08762,162827,
1.08761,1.09421,1.08336,1.08630,196503,
1.08631,1.09840,1.08534,1.09141,257322,
1.09210,1.09270,1.08677,1.08914,121062,
1.08913,1.09367,1.08576,1.09054,144359,
1.09052,1.09737,1.08750,1.08881,198183,
1.08879,1.09187,1.07753,1.08710,251207,
1.08708,1.08744,1.07880,1.07976,166366,
1.07922,1.08558,1.07880,1.08483,127987,
1.08484,1.08734,1.08176,1.08687,131435,
1.08692,1.09152,1.08496,1.08911,170511,
1.08916,1.09666,1.08686,1.09394,155439,
1.09413,1.09475,1.08088,1.08313,216342,
1.08315,1.09117,1.08138,1.08869,129449,
1.08866,1.09388,1.08840,1.09181,129077,
1.09180,1.11445,1.09026,1.11053,232227,
1.11054,1.12353,1.10685,1.12068,254517,
1.12067,1.12438,1.11077,1.11549,238839,
1.11416,1.12148,1.10854,1.11930,213198,
1.11918,1.13369,1.11611,1.12923,307568,
1.12920,1.13104,1.11625,1.12903,314591,
1.12904,1.13754,1.12729,1.13223,406816,
1.13222,1.13327,1.12129,1.12492,243023,
1.12357,1.12501,1.11269,1.11528,167696,
1.11527,1.11921,1.11233,1.11417,178507,
1.11415,1.11783,1.11046,1.11269,177985,
1.11273,1.11486,1.10698,1.11055,171554,
1.11057,1.11382,1.10655,1.11304,164038,
1.11114,1.11237,1.10020,1.10273,94117,
1.10288,1.10517,1.09891,1.10188,101237,
1.10186,1.10453,1.09561,1.10109,123362,
1.10131,1.10487,1.09856,1.10167,99700,
1.10159,1.10672,1.09107,1.09284,100809,
1.09150,1.09614,1.08580,1.08717,98305,
1.08716,1.08924,1.08331,1.08667,103053,
1.08664,1.08800,1.08245,1.08671,88774,
1.08668,1.09716,1.08524,1.09552,89087,
1.09545,1.10423,1.09038,1.10045,120037,
1.09893,1.10252,1.09395,1.10135,62171,
1.10131,1.10567,1.09925,1.10092,73346,
1.10093,1.10338,1.09449,1.09950,66436,
1.09958,1.12246,1.08261,1.11874,171895,
1.11880,1.12163,1.10823,1.11507,121108,
1.11371,1.11754,1.10767,1.11005,87110,
1.11015,1.11236,1.10706,1.11081,78744,
1.11082,1.12411,1.10567,1.12234,94846,
1.12229,1.13419,1.12038,1.13176,122344,
1.13173,1.13364,1.12549,1.12750,86293,
1.12618,1.12837,1.12332,1.12402,45710,
1.12404,1.12588,1.11874,1.12158,57847,
1.12163,1.12225,1.11584,1.11802,44244,
1.11813,1.11866,1.11430,1.11738,41937,
1.11741,1.11806,1.11528,1.11663,14038,
1.11638,1.12187,1.11519,1.11957,21130,
1.11949,1.13022,1.11690,1.12890,56977,
1.12892,1.13646,1.12826,1.13373,63877,
1.13383,1.14106,1.13095,1.13790,64095,
1.13791,1.14367,1.13336,1.13918,72661,
1.13998,1.14116,1.13563,1.13890,51633,
1.13888,1.14041,1.13348,1.13834,59314,
1.13842,1.14306,1.13257,1.13981,65787,
1.13980,1.14531,1.13371,1.13770,66786,
1.13767,1.14182,1.13485,1.13950,43917,
1.14154,1.14463,1.13712,1.14060,45565,
1.14054,1.14637,1.13444,1.13844,56668,
1.13847,1.13901,1.12672,1.12729,57766,
1.12726,1.12937,1.12328,1.12668,53163,
1.12662,1.13159,1.12448,1.12833,43793,
1.13016,1.13310,1.12726,1.13118,42517,
1.13116,1.13835,1.13024,1.13569,41631,
1.13562,1.13870,1.12893,1.12952,45986,
1.12951,1.13979,1.12685,1.12863,63612,
1.12866,1.13075,1.12171,1.12247,54792,
1.12173,1.12771,1.12173,1.12670,48369,
1.12648,1.13384,1.12553,1.12972,50253,
1.12970,1.13606,1.12708,1.13236,58355,
1.13220,1.13668,1.12950,1.13516,68188,
1.13503,1.14582,1.13476,1.14506,64830,
1.14599,1.15350,1.14471,1.15334,53828,
1.15330,1.16153,1.14943,1.14957,63594,
1.14951,1.15286,1.14652,1.14865,62131,
1.14856,1.14927,1.13851,1.14045,51976,
1.14046,1.14772,1.13844,1.13997,57527,
1.13940,1.14175,1.13727,1.13802,49002,
1.13811,1.14086,1.13573,1.13709,48444,
1.13706,1.14454,1.13677,1.14256,43851,
1.14251,1.14282,1.13694,1.13753,44496,
1.13760,1.13787,1.12819,1.13047,54501,
1.13113,1.13412,1.13012,1.13191,47847,
1.13202,1.13478,1.13010,1.13129,55233,
1.13130,1.13152,1.12132,1.12147,67606,
1.12153,1.12289,1.11789,1.12015,68130,
1.12013,1.12364,1.11952,1.12219,51034,
1.12164,1.12420,1.11864,1.12191,53173,
1.12194,1.12259,1.11313,1.11399,60222,
1.11406,1.11664,1.11284,1.11545,54739,
1.11546,1.12157,1.11491,1.11927,59412,
1.11928,1.11997,1.11099,1.11118,60741,
1.11113,1.11436,1.10968,1.11370,39020,
1.11372,1.11723,1.11211,1.11308,67061,
1.11306,1.11931,1.11131,1.11873,74951,
1.11878,1.12188,1.11443,1.11497,73705,
1.11504,1.13718,1.11351,1.13654,89662,
1.13549,1.13917,1.13254,1.13536,80009,
1.13540,1.13794,1.13376,1.13579,61736,
1.13586,1.14095,1.13543,1.13943,59649,
1.13930,1.14144,1.13045,1.13149,64220,
1.13154,1.13204,1.12442,1.12504,72322,
1.12498,1.13019,1.12310,1.12912,77005,
1.12911,1.12973,1.11879,1.12071,73692,
1.12074,1.12973,1.11887,1.12588,73713,
1.12587,1.12940,1.11299,1.12239,98508,
1.12237,1.12953,1.12215,1.12742,75633,
1.13330,1.13813,1.13011,1.13124,80273,
1.13128,1.13485,1.12406,1.12410,72818,
1.12412,1.13372,1.12356,1.12959,70078,
1.12962,1.14203,1.12952,1.13838,91857,
1.13834,1.14271,1.09107,1.11014,211296,
1.10207,1.10826,1.09696,1.10236,130563,
1.10231,1.11098,1.10093,1.10638,86979,
1.10641,1.11293,1.10482,1.11238,89763,
1.11236,1.11535,1.10229,1.11055,104497,
1.11034,1.11683,1.10710,1.11380,75658,
1.11313,1.11585,1.10970,1.11534,45756,
1.11531,1.11847,1.10612,1.10748,68225,
1.10749,1.11105,1.10278,1.10989,85811,
1.10986,1.11062,1.10514,1.10608,68860,
1.10614,1.11194,1.10006,1.10495,71876,
1.10491,1.10735,1.10147,1.10565,68858,
1.10568,1.11251,1.10510,1.10588,74151,
1.10581,1.11187,1.10404,1.10892,69911,
1.10889,1.11636,1.10871,1.11185,79577,
1.11183,1.11488,1.10246,1.10342,77825,
1.10521,1.10831,1.10363,1.10739,62650,
1.10738,1.10793,1.09991,1.10203,60441,
1.10204,1.10292,1.09803,1.10138,54591,
1.10140,1.10594,1.09783,1.10252,68247,
1.10254,1.10399,1.09544,1.09750,67309,
1.09696,1.09977,1.09510,1.09937,48973,
1.09933,1.10289,1.09772,1.09854,56803,
1.09853,1.10638,1.09603,1.10570,69839,
1.10575,1.11186,1.10514,1.10759,65104,
1.10762,1.11973,1.10719,1.11742,82260,
1.11734,1.11830,1.11541,1.11613,54126,
1.11614,1.12326,1.11577,1.12226,61084,
1.12227,1.12262,1.11396,1.11486,51849,
1.11485,1.11554,1.11129,1.11282,56403,
1.11279,1.11602,1.10447,1.10874,51598,
1.10806,1.11059,1.10710,1.10872,40342,
1.10875,1.11221,1.10674,1.11161,42433,
1.11167,1.11894,1.11123,1.11759,50018,
1.11760,1.11910,1.11343,1.11364,46092,
1.11363,1.12203,1.11303,1.11632,49769,
1.11684,1.12026,1.11526,1.11824,38741,
1.11823,1.13203,1.11764,1.12765,66301,
1.12764,1.13142,1.12421,1.12874,61083,
1.12878,1.13633,1.12844,1.13503,67234,
1.13500,1.13570,1.13017,1.13207,57730,
1.13074,1.13255,1.12686,1.13157,56029,
1.13150,1.13506,1.12986,1.13007,50819,
1.13012,1.13069,1.12401,1.12611,53241,
1.12614,1.12954,1.12566,1.12828,42245,
1.12803,1.13380,1.11784,1.11919,71609,
1.11810,1.12057,1.11559,1.11868,53732,
1.11867,1.11902,1.11310,1.11415,51968,
1.11421,1.11645,1.11221,1.11556,56941,
1.11546,1.12042,1.11265,1.11955,57904,
1.11956,1.12499,1.11486,1.11532,69515,
1.11561,1.11805,1.11375,1.11455,40060,
1.11450,1.12613,1.11391,1.12531,58465,
1.12534,1.12702,1.12274,1.12383,58796,
1.12382,1.13261,1.12334,1.12588,70894,
1.12591,1.12839,1.11975,1.12312,63951,
1.12344,1.12675,1.12095,1.12341,74860,
1.12339,1.12563,1.11999,1.12158,68949,
1.12169,1.12681,1.12069,1.12434,61544,
1.12431,1.12781,1.12130,1.12380,67719,
1.12375,1.12441,1.11435,1.11510,60457,
1.11480,1.11916,1.11450,1.11687,50692,
1.11694,1.12079,1.11474,1.11479,57453,
1.11481,1.11940,1.11203,1.11861,86475,
1.11862,1.12561,1.11821,1.12072,63913,
1.12070,1.12396,1.11929,1.12247,59124,
1.12252,1.12814,1.12200,1.12565,55606,
1.12564,1.12607,1.11929,1.12176,55453,
1.12149,1.12387,1.11837,1.12185,58866,
1.12187,1.12516,1.11987,1.12238,64685,
1.12235,1.12513,1.11539,1.12427,83138,
1.12311,1.12451,1.12033,1.12095,49246,
1.12094,1.12377,1.11370,1.12029,72940,
1.12028,1.12323,1.11886,1.12040,61035,
1.12041,1.12115,1.11388,1.11498,60480,
1.11499,1.12039,1.11033,1.12016,95907,
1.11844,1.12025,1.11303,1.11376,42535,
1.11375,1.11413,1.10480,1.10528,64141,
1.10527,1.10666,1.10034,1.10053,72851,
1.10062,1.10568,1.09844,1.10548,67077,
1.10544,1.10575,1.09696,1.09699,64216,
1.09695,1.10068,1.09628,1.09985,47501,
1.09987,1.10253,1.09691,1.09801,49360,
1.09800,1.10038,1.09539,1.09724,50500,
1.09725,1.10385,1.09148,1.09285,61392,
1.09284,1.09287,1.08584,1.08847,49579,
1.08811,1.08986,1.08585,1.08808,43941,
1.08809,1.09039,1.08500,1.08876,57605,
1.08875,1.09455,1.08734,1.09074,57274,
1.09068,1.09411,1.08815,1.08959,58142,
1.08962,1.09907,1.08920,1.09859,67349,
1.09896,1.09898,1.09347,1.09799,50366,
1.09797,1.10694,1.09590,1.10555,60630,
1.10558,1.11235,1.10501,1.10978,73128,
1.10977,1.11279,1.10616,1.11067,69044,
1.11071,1.11415,1.10819,1.11412,62718,
1.10653,1.11102,1.10274,1.10401,64348,
1.10399,1.10668,1.10117,1.10289,54756,
1.10285,1.13024,1.09100,1.09129,201186,
1.09125,1.09565,1.08710,1.08993,111477,
1.08988,1.09294,1.08364,1.08623,99305,
1.08408,1.08465,1.07092,1.07376,114159,
1.07375,1.08166,1.07143,1.07218,94929,
1.07215,1.07597,1.06663,1.06913,87687,
1.06912,1.07457,1.06202,1.06258,90878,
1.06260,1.06431,1.05693,1.05892,102304,
1.05934,1.06488,1.05787,1.06322,92669,
1.06320,1.06646,1.05874,1.06309,83910,
1.06310,1.06473,1.05300,1.05577,86227,
1.05557,1.05889,1.05218,1.05520,73850,
1.05496,1.06251,1.05362,1.05885,89622,
1.06081,1.06833,1.05603,1.06108,88998,
1.06106,1.06570,1.05677,1.06518,81410,
1.06519,1.06693,1.05552,1.05911,99113,
1.05912,1.06715,1.05873,1.06628,96346,
1.06629,1.06925,1.06280,1.06697,84857,
1.06211,1.07989,1.05082,1.07668,121370,
1.07666,1.07870,1.07000,1.07195,70773,
1.07205,1.07700,1.07116,1.07545,57237,
1.07542,1.08752,1.05991,1.06157,99144,
1.06163,1.06283,1.05297,1.05572,69309,
1.05323,1.06505,1.05241,1.06331,73595,
1.06330,1.06660,1.06024,1.06237,68641,
1.06250,1.06691,1.04954,1.05346,87665,
1.05345,1.05386,1.03668,1.04141,119492,
1.04142,1.04744,1.04009,1.04498,82305,
1.04415,1.04796,1.03927,1.04022,74860,
1.04020,1.04182,1.03524,1.03875,69045,
1.03886,1.04512,1.03826,1.04239,65621,
1.04241,1.04977,1.04238,1.04348,68511,
1.04346,1.04668,1.04246,1.04554,44795,
1.04543,1.04553,1.04505,1.04532,3970,
1.04536,1.04616,1.04231,1.04549,48796,
1.04546,1.04784,1.03712,1.04121,59750,
1.04123,1.04926,1.04071,1.04890,72758,
1.04880,1.06545,1.04830,1.05246,104153,
1.05144,1.05176,1.04489,1.04537,33591,
1.04536,1.04888,1.03369,1.04062,85033,
1.04063,1.05007,1.03905,1.04898,86018,
1.04888,1.06160,1.04814,1.06074,113267,
1.06073,1.06138,1.05240,1.05312,91359,
1.05293,1.05791,1.05098,1.05694,75484,
1.05709,1.06231,1.05499,1.05530,89724,
1.05540,1.06213,1.04520,1.05807,122752,
1.05809,1.06831,1.05699,1.06110,122868,
1.06112,1.06734,1.05951,1.06412,95166,
1.06092,1.06348,1.05781,1.05995,77779,
1.05996,1.07180,1.05968,1.07129,114511,
1.07131,1.07148,1.06277,1.06290,91676,
1.06289,1.06757,1.05881,1.06640,104342,
1.06629,1.07090,1.06248,1.07020,101030,
1.07050,1.07685,1.06947,1.07638,97380,
1.07637,1.07723,1.07167,1.07275,85302,
1.07277,1.07659,1.07076,1.07437,82311,
1.07439,1.07620,1.06540,1.06788,86710,
1.06778,1.07214,1.06547,1.06943,79293,
1.07143,1.07367,1.06166,1.06921,78297,
1.06910,1.08085,1.06809,1.07941,108610,
1.07939,1.08038,1.07293,1.07648,93668,
1.07649,1.08252,1.07523,1.07550,95060,
1.07549,1.07940,1.07099,1.07828,90836,
1.07847,1.07892,1.07020,1.07458,75933,
1.07457,1.07471,1.06524,1.06777,77208,
1.06778,1.07130,1.06351,1.06972,77008,
1.06974,1.07085,1.06499,1.06539,73725,
1.06538,1.06667,1.06066,1.06398,75678,
1.06277,1.06574,1.05910,1.05973,63576,
1.05971,1.06324,1.05599,1.05770,72054,
1.05768,1.06082,1.05204,1.05994,76684,
1.05991,1.06782,1.05902,1.06721,77644,
1.06718,1.06756,1.06043,1.06147,65820,
1.06067,1.06318,1.06022,1.06124,50123,
1.06122,1.06149,1.05246,1.05359,60689,
1.05358,1.05729,1.04926,1.05575,76807,
1.05573,1.05942,1.05366,1.05812,66181,
1.05809,1.06170,1.05556,1.05611,65087,
1.05630,1.06287,1.05506,1.05857,64681,
1.05855,1.06291,1.05689,1.05758,70440,
1.05749,1.05884,1.05132,1.05460,86749,
1.05463,1.05502,1.04938,1.05059,66388,
1.05055,1.06231,1.05012,1.06217,75973,
1.06080,1.06390,1.05737,1.05806,59704,
1.05805,1.06015,1.05571,1.05656,52377,
1.05654,1.05732,1.05337,1.05390,62943,
1.05393,1.06143,1.05241,1.05757,82655,
1.05754,1.06981,1.05712,1.06724,81613,
1.06770,1.07134,1.06510,1.06524,70950,
1.06519,1.06616,1.05990,1.06030,60693,
1.06029,1.07390,1.06024,1.07331,74705,
1.07315,1.07693,1.07046,1.07641,80829,
1.07630,1.07813,1.07264,1.07375,65707,
1.07331,1.07764,1.07241,1.07386,49266,
1.07389,1.08182,1.07182,1.08096,70666,
1.08090,1.08237,1.07749,1.07959,66860,
1.07955,1.08040,1.07669,1.07827,64913,
1.07816,1.08170,1.07590,1.07988,59038,
1.08308,1.09050,1.08264,1.08636,59775,
1.08635,1.08715,1.07978,1.08119,53290,
1.08121,1.08255,1.07389,1.07641,59470,
1.07646,1.07691,1.06709,1.06740,55467,
1.06728,1.07007,1.06506,1.06536,59991,
1.06582,1.06806,1.06419,1.06683,66627,
1.06687,1.06767,1.06352,1.06725,60880,
1.06714,1.06886,1.06344,1.06623,73994,
1.06620,1.06836,1.06286,1.06436,71864,
1.06435,1.06656,1.05802,1.05872,83762,
1.05850,1.06062,1.05695,1.05944,56084,
1.05939,1.06295,1.05782,1.06039,61251,
1.06039,1.06748,1.05884,1.06638,67580,
1.06617,1.06772,1.06087,1.06124,66518,
1.06120,1.06294,1.06054,1.06099,39900,
1.06120,1.06701,1.06022,1.06415,42301,
1.06399,1.07355,1.06356,1.07295,78250,
1.07296,1.07365,1.06995,1.07088,63308,
1.07085,1.07771,1.07079,1.07164,67344,
1.07160,1.07376,1.06818,1.07216,65413,
1.09101,1.09102,1.08204,1.08670,102192,
1.08669,1.09495,1.08509,1.09248,76042,
1.09228,1.09503,1.08554,1.09026,91957,
1.09046,1.09324,1.08512,1.08706,83399,
1.08707,1.09470,1.08565,1.08912,79526,
1.09074,1.09236,1.08836,1.08978,37342,
1.08981,1.09328,1.08878,1.09285,62702,
1.09288,1.09364,1.08822,1.08836,71972,
1.08847,1.09867,1.08746,1.09842,89793,
1.09831,1.09988,1.09472,1.09939,84990,
1.10186,1.10220,1.09158,1.09233,87484,
1.09236,1.09330,1.08630,1.08719,80650,
1.08715,1.08977,1.08528,1.08671,72474,
1.08663,1.08926,1.08387,1.08604,66216,
1.08605,1.09339,1.08553,1.09278,66266,
1.09285,1.09890,1.09222,1.09748,61272,
1.09722,1.10968,1.09722,1.10817,80498,
1.10813,1.11617,1.10789,1.11574,96914,
1.11567,1.11715,1.10753,1.11011,122453,
1.11012,1.12114,1.10957,1.12028,88930,
1.11912,1.12630,1.11610,1.12372,82833,
1.12360,1.12678,1.11746,1.11819,102987,
1.11820,1.12197,1.11680,1.12177,97174,
1.12183,1.12500,1.11931,1.12097,79139,
1.12094,1.12342,1.11601,1.11763,84632,
1.11656,1.11894,1.11611,1.11619,45696,
1.11624,1.12050,1.11093,1.11838,89246,
1.11846,1.12519,1.11640,1.12427,89865,
1.12431,1.12563,1.12017,1.12118,76567,
1.12117,1.12847,1.12047,1.12798,77722,
1.12704,1.12835,1.12338,1.12538,62767,
1.12536,1.12838,1.12400,1.12756,77417,
1.12762,1.12820,1.12036,1.12548,90432,
1.12539,1.12688,1.11942,1.12120,96508,
1.12121,1.12365,1.11660,1.11933,104883,
1.12042,1.12316,1.11916,1.12025,71867,
1.12020,1.12245,1.11849,1.12104,68300,
1.12095,1.12955,1.11924,1.12168,107309,
1.12170,1.12281,1.11317,1.11435,101372,
1.11440,1.12012,1.11381,1.11942,75178,
1.12067,1.12123,1.11427,1.11478,68280,
1.11479,1.11647,1.11185,1.11334,88302,
1.11336,1.11686,1.11270,1.11681,81382,
1.11671,1.11776,1.11388,1.11521,78526,
1.11507,1.12085,1.11448,1.11928,67410,
1.11960,1.12194,1.11713,1.11818,81218,
1.11806,1.13488,1.11784,1.13378,110697,
1.13360,1.13902,1.12910,1.13770,129886,
1.13758,1.14450,1.13740,1.14397,119470,
1.14389,1.14448,1.13917,1.14215,108257,
1.14175,1.14255,1.13546,1.13636,66531,
1.13630,1.13766,1.13357,1.13409,76827,
1.13421,1.13682,1.13120,1.13523,85754,
1.13511,1.14244,1.13294,1.14231,85986,
1.14219,1.14395,1.13792,1.13898,85758,
1.13967,1.14176,1.13812,1.13989,57485,
1.13985,1.14793,1.13823,1.14658,75815,
1.14648,1.14891,1.13911,1.14110,101940,
1.14117,1.14556,1.13698,1.13967,91919,
1.13968,1.14714,1.13910,1.14667,83548,
1.14680,1.14866,1.14343,1.14775,69780,
1.14777,1.15826,1.14710,1.15535,112677,
1.15530,1.15564,1.15094,1.15146,76766,
1.15132,1.16578,1.14788,1.16281,119164,
1.16279,1.16825,1.16184,1.16615,85018,
1.16620,1.16839,1.16252,1.16398,78390,
1.16396,1.17116,1.16285,1.16457,92525,
1.16459,1.17394,1.16119,1.17322,102503,
1.17328,1.17762,1.16496,1.16744,115962,
1.16747,1.17636,1.16704,1.17445,102722,
1.17456,1.18449,1.17227,1.18405,93412,
1.18407,1.18440,1.17848,1.18011,98264,
1.18011,1.19098,1.17931,1.18548,101168,
1.18550,1.18926,1.18300,1.18676,94690,
1.18679,1.18890,1.17279,1.17717,93083,
1.17721,1.18136,1.17699,1.17946,67165,
1.17948,1.18234,1.17148,1.17507,81085,
1.17446,1.17636,1.16885,1.17583,100520,
1.17575,1.17845,1.17036,1.17705,100793,
1.17707,1.18465,1.17481,1.18199,88368,
1.18215,1.18378,1.17695,1.17781,70848,
1.17781,1.17923,1.16868,1.17337,89665,
1.17342,1.17781,1.16811,1.17664,97835,
1.17654,1.17896,1.16618,1.17218,108067,
1.17223,1.17740,1.17079,1.17580,99396,
1.17576,1.18277,1.17307,1.18141,64497,
1.18142,1.18239,1.17447,1.17604,71119,
1.17606,1.18229,1.17398,1.18061,76005,
1.18063,1.18173,1.17837,1.17988,75473,
1.17984,1.19409,1.17729,1.19197,97845,
1.19420,1.19833,1.19166,1.19781,71676,
1.19766,1.20698,1.19461,1.19711,132160,
1.19715,1.19838,1.18801,1.18826,106469,
1.18826,1.19121,1.18227,1.19087,111001,
1.19061,1.19793,1.18488,1.18599,108544,
1.18836,1.19219,1.18728,1.18891,75881,
1.18911,1.19403,1.18677,1.19133,102148,
1.19136,1.19498,1.19024,1.19159,108191,
1.19162,1.20590,1.19133,1.20194,123449,
1.20207,1.20921,1.20143,1.20328,127835,
1.20144,1.20291,1.19474,1.19515,89077,
1.19506,1.19778,1.19257,1.19656,97231,
1.19656,1.19945,1.18725,1.18846,93590,
1.18841,1.19218,1.18370,1.19183,106640,
1.19185,1.19867,1.19004,1.19435,108438,
1.19209,1.19688,1.19146,1.19478,92949,
1.19491,1.20061,1.19476,1.19931,100295,
1.19932,1.20336,1.18608,1.18910,114167,
1.18912,1.19534,1.18652,1.19405,108491,
1.19403,1.20041,1.19362,1.19459,98004,
1.18968,1.19361,1.18316,1.18476,113480,
1.18464,1.18611,1.17565,1.17921,112599,
1.17918,1.17947,1.17166,1.17439,110914,
1.17435,1.18036,1.17208,1.17849,111703,
1.17843,1.18322,1.17720,1.18121,97515,
1.17894,1.18146,1.17297,1.17320,91384,
1.17321,1.17732,1.16957,1.17435,92081,
1.17428,1.17873,1.17344,1.17585,89524,
1.17597,1.17784,1.16986,1.17099,85459,
1.17105,1.17383,1.16688,1.17333,94754,
1.17270,1.17557,1.17191,1.17398,43096,
1.17400,1.18250,1.17389,1.18073,79718,
1.18072,1.18686,1.17947,1.18571,81481,
1.18563,1.18793,1.18265,1.18290,76366,
1.18284,1.18746,1.18049,1.18176,83192,
1.18102,1.18191,1.17800,1.17946,67722,
1.17953,1.17999,1.17357,1.17655,70796,
1.17652,1.18049,1.17298,1.17868,72922,
1.17870,1.18575,1.17677,1.18500,90714,
1.18502,1.18575,1.17619,1.17775,93765,
1.17636,1.17770,1.17245,1.17484,68045,
1.17487,1.17925,1.17423,1.17597,73953,
1.17600,1.18173,1.17526,1.18122,97143,
1.18122,1.18363,1.16400,1.16499,100297,
1.16499,1.16566,1.15737,1.16081,105867,
1.16064,1.16576,1.15931,1.16502,70163,
1.16495,1.16609,1.16243,1.16453,64044,
1.16453,1.16568,1.16060,1.16180,79859,
1.16176,1.16869,1.16125,1.16577,98878,
1.16574,1.16898,1.15987,1.16079,73939,
1.16116,1.16237,1.15797,1.16085,69247,
1.16077,1.16150,1.15537,1.15846,161823,
1.15846,1.16107,1.15788,1.15946,140929,
1.15945,1.16545,1.15851,1.16414,185386,
1.16403,1.16774,1.16225,1.16637,146325,
1.16524,1.16748,1.16369,1.16660,119778,
1.16660,1.18045,1.16610,1.17969,154246,
1.17964,1.18598,1.17842,1.17897,194252,
1.17892,1.18005,1.17562,1.17687,159434,
1.17687,1.18213,1.17642,1.17811,170276,
1.17838,1.18081,1.17218,1.17318,175098,
1.17318,1.17573,1.17126,1.17371,141993,
1.17370,1.18267,1.17317,1.18216,148038,
1.18216,1.18555,1.18127,1.18467,99667,
1.18464,1.19440,1.18363,1.19294,132302,
1.19247,1.19607,1.18951,1.18970,151403,
1.18971,1.19195,1.18266,1.18382,188877,
1.18356,1.18824,1.18171,1.18459,161870,
1.18453,1.19310,1.18085,1.19026,190400,
1.19023,1.19399,1.18504,1.18934,224808,
1.18618,1.18780,1.18286,1.18636,127318,
1.18638,1.18762,1.18003,1.18247,122965,
1.18243,1.18476,1.17801,1.17948,116761,
1.17943,1.18141,1.17713,1.17718,105234,
1.17718,1.17763,1.17296,1.17705,115771,
1.17645,1.18113,1.17632,1.17679,86793,
1.17679,1.17921,1.17170,1.17408,98166,
1.17404,1.18311,1.17289,1.18250,119046,
1.18250,1.18621,1.17702,1.17767,143990,
1.17768,1.18119,1.17480,1.17480,156226,
1.17406,1.18339,1.17369,1.17806,143830,
1.17806,1.18484,1.17760,1.18379,168867,
1.18376,1.19013,1.18285,1.18697,160548,
1.18693,1.18891,1.18489,1.18723,145972,
1.18716,1.18750,1.18163,1.18533,160001,
1.18634,1.18781,1.18461,1.18573,68714,
1.18572,1.19098,1.18546,1.18859,132838,
1.18858,1.19586,1.18858,1.19416,127234,
1.19412,1.20250,1.19357,1.19921,133478,
1.20069,1.20807,1.20007,1.20573,151477,
1.20573,1.20658,1.20007,1.20136,153748,
1.20136,1.20886,1.20038,1.20678,173082,
1.20678,1.20823,1.20201,1.20265,157697,
1.20266,1.20518,1.19555,1.19663,139026,
1.19657,1.19750,1.19152,1.19358,160635,
1.19354,1.20177,1.19226,1.19468,231902,
1.19469,1.20584,1.19289,1.20308,231299,
1.20303,1.22182,1.20299,1.21991,275510,
1.21933,1.22962,1.21870,1.22621,209134,
1.22621,1.22828,1.21946,1.22589,244644,
1.22587,1.23229,1.21767,1.21838,290004,
1.21838,1.22646,1.21645,1.22363,232951,
1.22355,1.22949,1.22134,1.22134,214854,
1.22692,1.22715,1.22133,1.22609,174542,
1.22604,1.23058,1.22226,1.22978,207739,
1.22987,1.24145,1.22924,1.24065,261344,
1.24083,1.25371,1.23634,1.23916,398509,
1.23920,1.24933,1.23694,1.24192,328126,
1.24221,1.24317,1.23362,1.23811,273131,
1.23807,1.24535,1.23349,1.24013,272053,
1.24015,1.24744,1.23865,1.24129,310809,
1.24129,1.25217,1.23848,1.25071,272143,
1.25072,1.25177,1.24091,1.24522,294506,
1.24329,1.24745,1.23620,1.23655,298106,
1.23660,1.24340,1.23139,1.23762,411630,
1.23761,1.24054,1.22452,1.22625,276409,
1.22625,1.22944,1.22115,1.22461,353200,
1.22455,1.22868,1.22052,1.22479,324661,
1.22473,1.22970,1.22345,1.22908,211731,
1.22908,1.23706,1.22839,1.23496,228243,
1.23496,1.24648,1.22752,1.24479,292030,
1.24477,1.25099,1.24474,1.25053,263304,
1.25053,1.25550,1.23929,1.23949,260822,
1.24005,1.24347,1.23685,1.24064,172649,
1.24063,1.24117,1.23193,1.23357,234439,
1.23357,1.23595,1.22805,1.22816,260435,
1.22816,1.23516,1.22593,1.23281,235594,
1.23281,1.23368,1.22793,1.22905,197029,
1.22930,1.23545,1.22775,1.23161,187577,
1.23161,1.23459,1.22211,1.22317,218424,
1.22320,1.22407,1.21877,1.21923,206703,
1.21915,1.22730,1.21543,1.22666,250217,
1.22666,1.23354,1.22509,1.23138,233779,
1.23241,1.23639,1.22687,1.23343,206908,
1.23340,1.24195,1.23275,1.24023,198531,
1.24027,1.24444,1.23843,1.24100,221055,
1.24100,1.24457,1.22976,1.23093,223884,
1.23094,1.23338,1.22726,1.23026,195698,
1.23097,1.23451,1.22899,1.23333,156309,
1.23333,1.24069,1.23141,1.23894,193719,
1.23894,1.24122,1.23467,1.23665,186894,
1.23665,1.23831,1.22997,1.23039,183636,
1.23039,1.23356,1.22597,1.22847,169456,
1.22821,1.23582,1.22575,1.23347,191315,
1.23345,1.23542,1.22395,1.22407,184728,
1.22403,1.23493,1.22401,1.23377,210988,
1.23375,1.23880,1.22849,1.23009,240215,
1.23009,1.23728,1.22999,1.23506,237615,
1.23484,1.24611,1.23482,1.24426,185977,
1.24421,1.24759,1.23721,1.24021,208147,
1.24018,1.24212,1.22996,1.23074,220005,
1.23064,1.23350,1.22763,1.23000,190018,
1.22995,1.23299,1.22920,1.23192,42049,
1.23203,1.23446,1.22815,1.23011,114041,
1.23003,1.23352,1.22534,1.22695,180657,
1.22693,1.23144,1.22566,1.22771,177369,
1.22770,1.22898,1.22178,1.22396,164085,
1.22395,1.22904,1.22146,1.22785,227681,
1.22847,1.23304,1.22598,1.23199,196600,
1.23198,1.23772,1.23023,1.23552,208057,
1.23551,1.23959,1.23465,1.23663,190997,
1.23662,1.23791,1.22989,1.23258,189187,
1.23256,1.23454,1.23064,1.23262,163686,
1.23290,1.23940,1.23240,1.23787,148244,
1.23786,1.24133,1.23359,1.23689,154635,
1.23689,1.23967,1.23415,1.23730,174439,
1.23728,1.23998,1.23286,1.23447,192803,
1.23447,1.23523,1.22355,1.22838,182162,
1.22707,1.22888,1.21973,1.22078,169225,
1.22078,1.22440,1.21809,1.22309,195163,
1.22306,1.22377,1.21590,1.21594,180153,
1.21594,1.22090,1.20953,1.21021,212253,
1.21020,1.21319,1.20543,1.21272,190456,
1.21230,1.21379,1.20634,1.20760,182831,
1.20758,1.20833,1.19804,1.19911,168879,
1.19909,1.20307,1.19369,1.19494,191947,
1.19493,1.20078,1.19466,1.19868,162630,
1.19868,1.19944,1.19105,1.19542,135924,
1.19512,1.19771,1.18970,1.19211,106250,
1.19210,1.19379,1.18372,1.18632,148242,
1.18631,1.18961,1.18218,1.18492,147267,
1.18490,1.19457,1.18422,1.19137,170359,
1.19140,1.19671,1.18902,1.19377,137280,
1.19407,1.19953,1.19239,1.19258,129823,
1.19256,1.19376,1.18196,1.18364,165380,
1.18363,1.18532,1.17627,1.18063,189352,
1.18055,1.18367,1.17757,1.17933,162862,
1.17932,1.18213,1.17490,1.17685,137474,
1.17683,1.17947,1.17158,1.17902,132952,
1.17902,1.18291,1.17558,1.17775,161026,
1.17774,1.17888,1.16751,1.16949,201975,
1.16948,1.17495,1.16900,1.17185,182929,
1.17185,1.17326,1.16417,1.16448,171803,
1.16845,1.17275,1.16066,1.16229,150617,
1.16221,1.16387,1.15093,1.15387,264449,
1.15387,1.16754,1.15178,1.16613,255516,
1.16612,1.17234,1.16404,1.16897,234258,
1.16893,1.17173,1.16165,1.16567,215290,
1.16556,1.17438,1.16553,1.16972,188189,
1.16972,1.17314,1.16518,1.17167,205228,
1.17160,1.17950,1.17099,1.17727,183231,
1.17723,1.18392,1.17719,1.17981,203625,
1.17969,1.18095,1.17263,1.17656,200651,
1.17720,1.18199,1.17702,1.17826,174382,
1.17820,1.18083,1.17328,1.17439,221669,
1.17433,1.18002,1.17243,1.17902,203254,
1.17896,1.18508,1.15626,1.15668,226564,
1.15670,1.16262,1.15425,1.16020,214884,
1.15858,1.16235,1.15646,1.16216,161947,
1.16217,1.16438,1.15302,1.15866,254506,
1.15866,1.15993,1.15363,1.15693,216017,
1.15694,1.16327,1.15078,1.16017,268422,
1.16017,1.16742,1.15959,1.16491,247769,
1.16607,1.17123,1.16279,1.17025,223549,
1.17016,1.17196,1.16343,1.16460,258810,
1.16451,1.16715,1.15399,1.15527,248154,
1.15515,1.15993,1.15263,1.15671,264470,
1.15669,1.16896,1.15572,1.16789,282078,
1.16646,1.16897,1.15905,1.16379,75224,
1.16378,1.16724,1.16197,1.16548,74330,
1.16542,1.16809,1.16297,1.16547,56992,
1.16547,1.17194,1.16492,1.16892,78508,
1.16886,1.17665,1.16792,1.17423,70655,
1.17358,1.17899,1.17319,1.17493,70245,
1.17487,1.17618,1.16899,1.17426,67062,
1.17427,1.17574,1.16645,1.16722,84893,
1.16711,1.16948,1.16490,1.16697,71045,
1.16695,1.16860,1.16122,1.16802,71070,
1.16885,1.17245,1.16750,1.17100,64896,
1.17095,1.17439,1.16494,1.16599,73872,
1.16592,1.16641,1.16013,1.16372,74597,
1.16369,1.16776,1.15742,1.16402,90128,
1.16393,1.17379,1.16254,1.17184,95159,
1.17260,1.17498,1.16828,1.16907,68992,
1.16906,1.17161,1.16539,1.16822,74360,
1.16815,1.17378,1.16635,1.17273,75119,
1.17270,1.17427,1.16395,1.16414,72507,
1.16412,1.16636,1.16200,1.16494,65475,
1.16528,1.17179,1.16472,1.17035,53443,
1.17030,1.17451,1.16835,1.16892,69102,
1.16892,1.16988,1.16564,1.16585,65724,
1.16581,1.16667,1.15813,1.15827,63783,
1.15827,1.16097,1.15596,1.15645,67506,
1.15669,1.15695,1.15292,1.15524,52642,
1.15523,1.16073,1.15489,1.15973,55251,
1.15971,1.16272,1.15724,1.16088,56915,
1.16086,1.16185,1.15252,1.15257,58709,
1.15253,1.15355,1.13872,1.14068,93058,
1.13717,1.14317,1.13641,1.14091,85634,
1.14094,1.14285,1.13294,1.13426,72664,
1.13421,1.13540,1.13001,1.13433,73907,
1.13436,1.14080,1.13349,1.13754,78369,
1.13746,1.14438,1.13655,1.14343,68835,
1.14327,1.14840,1.13934,1.14803,59468,
1.14804,1.16002,1.14788,1.15690,78908,
1.15690,1.16220,1.15525,1.15953,72635,
1.15953,1.15988,1.15291,1.15354,72684,
1.15352,1.16390,1.15336,1.16182,73065,
1.16145,1.16926,1.15936,1.16766,61562,
1.16766,1.17326,1.16616,1.16934,73365,
1.16935,1.17091,1.16511,1.17062,75761,
1.17054,1.17172,1.16409,1.16699,76569,
1.16699,1.16891,1.15837,1.15935,81555,
1.15916,1.16269,1.15880,1.16165,50891,
1.16164,1.16185,1.15292,1.15804,70682,
1.15804,1.16374,1.15426,1.16281,74884,
1.16281,1.16581,1.16047,1.16222,75713,
1.16209,1.16485,1.15496,1.15499,77393,
1.15475,1.16150,1.15257,1.15902,59778,
1.15901,1.16432,1.15648,1.16035,63467,
1.16034,1.16487,1.15691,1.16249,65577,
1.16242,1.17002,1.16082,1.16887,66110,
1.16887,1.17207,1.16197,1.16203,60813,
1.16208,1.16971,1.16170,1.16819,53950,
1.16819,1.17235,1.16512,1.16629,74400,
1.16626,1.17141,1.16494,1.16714,70315,
1.16713,1.17835,1.16682,1.17755,81051,
1.17758,1.18016,1.17322,1.17425,69107,
1.17392,1.18141,1.17233,1.17468,60317,
1.17463,1.17914,1.17301,1.17652,64783,
1.17648,1.17968,1.17251,1.17358,73673,
1.17354,1.17562,1.16382,1.16392,79633,
1.16393,1.16502,1.15691,1.16008,72058,
1.16156,1.16233,1.15627,1.15769,65204,
1.15766,1.15792,1.15044,1.15448,70998,
1.15446,1.15926,1.14636,1.14752,79695,
1.14752,1.15416,1.14624,1.15127,79541,
1.15126,1.15463,1.14832,1.15139,76153,
1.15198,1.15286,1.14590,1.14898,58431,
1.14896,1.15023,1.14313,1.14883,78702,
1.14880,1.15444,1.14789,1.15181,76587,
1.15196,1.15983,1.15170,1.15922,101740,
1.15922,1.16095,1.15341,1.15543,76536,
1.15362,1.16053,1.15357,1.15777,69882,
1.15780,1.16202,1.15651,1.15724,69209,
1.15725,1.15794,1.14950,1.14991,78042,
1.14991,1.15263,1.14486,1.14514,83314,
1.14514,1.15336,1.14322,1.15091,83240,
1.15143,1.15493,1.14549,1.14627,70659,
1.14632,1.14927,1.14386,1.14692,83115,
1.14693,1.14756,1.13789,1.13906,85847,
1.13902,1.14306,1.13553,1.13737,79831,
1.13732,1.14202,1.13349,1.13970,86998,
1.13871,1.14155,1.13598,1.13713,73808,
1.13709,1.13870,1.13396,1.13426,70374,
1.13426,1.13593,1.13012,1.13105,73044,
1.13106,1.14232,1.13063,1.14071,78077,
1.14068,1.14550,1.13715,1.13831,78687,
1.13861,1.14232,1.13537,1.14061,66164,
1.14060,1.14371,1.13907,1.14254,67633,
1.14254,1.14987,1.13938,1.14246,95628,
1.14244,1.14458,1.13507,1.13621,81843,
1.13622,1.13681,1.13162,1.13309,79219,
1.13166,1.13297,1.12150,1.12168,74518,
1.12166,1.12927,1.12155,1.12880,88237,
1.12877,1.13466,1.12625,1.13062,93442,
1.13059,1.13615,1.12701,1.13246,96014,
1.13237,1.14193,1.13204,1.14121,80511,
1.14121,1.14635,1.13930,1.14518,64723,
1.14525,1.14716,1.13579,1.13687,73239,
1.13684,1.14238,1.13579,1.13814,68859,
1.13802,1.14330,1.13778,1.13996,55936,
1.13990,1.14202,1.13266,1.13317,62000,
1.13364,1.13827,1.13241,1.13260,67914,
1.13258,1.13430,1.12766,1.12830,73819,
1.12828,1.13866,1.12665,1.13650,75065,
1.13650,1.14007,1.13479,1.13917,75523,
1.13912,1.13995,1.13046,1.13102,72148,
1.13481,1.13788,1.13185,1.13519,68733,
1.13515,1.14178,1.13177,1.13415,86418,
1.13415,1.13603,1.13100,1.13430,56132,
1.13431,1.14115,1.13201,1.13700,88256,
1.13692,1.14227,1.13595,1.13736,78996,
1.13895,1.14418,1.13495,1.13540,85480,
1.13538,1.13995,1.13056,1.13152,74892,
1.13150,1.13861,1.13142,1.13672,77944,
1.13672,1.13925,1.13303,1.13557,70401,
1.13581,1.13641,1.12691,1.13010,68900,
1.12984,1.13569,1.12984,1.13461,62289,
1.13461,1.14013,1.13360,1.13590,59731,
1.13626,1.14384,1.13594,1.13740,68415,
1.13728,1.14845,1.13686,1.14451,78031,
1.14446,1.14731,1.13551,1.13696,68940,
1.13683,1.14375,1.13596,1.14033,56721,
1.13838,1.14191,1.13420,1.13503,44734,
1.13502,1.14532,1.13468,1.14277,79400,
1.14226,1.14718,1.14226,1.14406,66922,
1.14344,1.14662,1.14205,1.14627,51168,
1.14622,1.14958,1.13242,1.13416,72768,
1.13411,1.14099,1.13083,1.13918,87551,
1.13913,1.14181,1.13448,1.13929,75465,
1.13938,1.14816,1.13938,1.14730,59460,
1.14734,1.14837,1.14213,1.14394,62091,
1.14396,1.15569,1.14360,1.15416,74273,
1.15418,1.15688,1.14839,1.14987,71871,
1.14989,1.15393,1.14571,1.14657,64757,
1.14565,1.14810,1.14498,1.14673,58027,
1.14674,1.14888,1.13810,1.14121,73818,
1.14121,1.14238,1.13770,1.13908,61894,
1.13910,1.14050,1.13694,1.13876,62588,
1.13876,1.14094,1.13523,1.13604,57511,
1.13591,1.13901,1.13560,1.13651,40312,
1.13651,1.13732,1.13351,1.13581,55073,
1.13580,1.13934,1.13500,1.13804,57846,
1.13797,1.13905,1.12885,1.13032,73386,
1.13030,1.14167,1.12990,1.14056,70771,
1.13993,1.14428,1.13891,1.14252,54919,
1.14262,1.14493,1.14103,1.14312,63235,
1.14311,1.15006,1.14053,1.14782,63413,
1.14783,1.15133,1.14348,1.14453,65752,
1.14450,1.14874,1.14334,1.14524,55034,
1.14499,1.14595,1.14235,1.14347,52042,
1.14348,1.14397,1.14002,1.14041,50450,
1.14041,1.14086,1.13599,1.13614,50862,
1.13615,1.13675,1.13237,1.13374,53853,
1.13374,1.13499,1.13182,1.13188,44476,
1.13180,1.13291,1.12665,1.12746,46860,
1.12746,1.13387,1.12567,1.13244,49362,
1.13239,1.13405,1.12594,1.12594,49964,
1.12579,1.13059,1.12485,1.12939,53501,
1.12944,1.13052,1.12335,1.12902,51608,
1.12907,1.13330,1.12884,1.13074,41733,
1.13069,1.13565,1.12746,1.13391,53610,
1.13386,1.13702,1.13240,1.13352,52232,
1.13349,1.13655,1.13196,1.13333,59962,
1.13333,1.13547,1.13153,1.13299,49863,
1.13329,1.13665,1.13271,1.13564,47980,
1.13563,1.14018,1.13444,1.13877,53650,
1.13873,1.14025,1.13614,1.13686,53121,
1.13682,1.14183,1.13603,1.13699,45699,
1.13691,1.14060,1.13524,1.13636,45031,
1.13814,1.13815,1.13082,1.13386,47056,
1.13385,1.13398,1.12887,1.13067,48552,
1.13068,1.13237,1.12848,1.13054,44690,
1.13055,1.13194,1.11757,1.11928,57790,
1.11928,1.12451,1.11843,1.12295,56648,
1.12275,1.12575,1.12209,1.12438,52123,
1.12438,1.13040,1.12424,1.12864,60248,
1.12864,1.13377,1.12766,1.13255,51903,
1.13254,1.13366,1.12932,1.13020,59333,
1.13010,1.13434,1.12963,1.13232,49009,
1.13193,1.13581,1.13182,1.13324,41598,
1.13326,1.13607,1.13289,1.13504,44623,
1.13500,1.14464,1.13347,1.14123,52846,
1.14122,1.14365,1.13416,1.13725,57671,
1.13728,1.13894,1.12735,1.12988,52018,
1.12870,1.13303,1.12851,1.13112,47589,
1.13111,1.13251,1.12624,1.12647,50826,
1.12648,1.12847,1.12413,1.12429,59357,
1.12428,1.12604,1.12133,1.12183,53153,
1.12183,1.12456,1.12091,1.12169,50399,
1.12238,1.12488,1.12029,1.12120,45129,
1.12117,1.12117,1.11827,1.12034,45373,
1.12032,1.12521,1.11992,1.12313,40175,
1.12310,1.12468,1.12058,1.12189,38021,
1.12185,1.12410,1.12092,1.12126,35569,
1.12130,1.12736,1.12091,1.12594,38248,
1.12580,1.12834,1.12541,1.12606,41313,
1.12607,1.12880,1.12289,1.12725,40916,
1.12721,1.12865,1.12491,1.12509,38319,
1.12511,1.13230,1.12508,1.12979,42441,
1.13027,1.13201,1.12966,1.13027,36991,
1.13027,1.13130,1.12787,1.12798,44002,
1.12798,1.13228,1.12779,1.12930,41993,
1.12919,1.13031,1.12252,1.12275,43084,
1.12280,1.12467,1.12246,1.12410,21269,
1.12390,1.12611,1.12349,1.12561,18558,
1.12560,1.12603,1.11913,1.12264,38255,
1.12253,1.12254,1.11398,1.11533,48979,
1.11509,1.11615,1.11171,1.11297,47517,
1.11269,1.11728,1.11111,1.11470,46494,
1.11428,1.11859,1.11421,1.11843,33551,
1.11829,1.12281,1.11749,1.12129,45152,
1.12129,1.12638,1.11862,1.11945,37098,
1.11940,1.12181,1.11698,1.11710,45543,
1.11699,1.12041,1.11397,1.11965,44108,
1.11677,1.12082,1.11651,1.11959,42641,
1.11976,1.12170,1.11659,1.11890,48657,
1.11890,1.12127,1.11819,1.11904,52539,
1.11894,1.12501,1.11726,1.12104,58525,
1.12105,1.12527,1.12104,1.12281,56129,
1.12290,1.12627,1.12208,1.12208,47513,
1.12200,1.12430,1.12003,1.12027,43864,
1.12019,1.12229,1.11771,1.11998,46677,
1.12003,1.12230,1.11654,1.11726,41249,
1.11724,1.11833,1.11543,1.11543,46698,
1.11589,1.11739,1.11497,1.11651,37875,
1.11634,1.11835,1.11411,1.11576,42561,
1.11576,1.11791,1.11478,1.11494,37867,
1.11489,1.11866,1.11064,1.11808,49226,
1.11810,1.12111,1.11701,1.11991,42478,
1.12082,1.12142,1.11860,1.11900,20839,
1.11889,1.11974,1.11585,1.11591,43131,
1.11592,1.11715,1.11235,1.11298,46990,
1.11298,1.11424,1.11151,1.11281,39037,
1.11280,1.11788,1.11243,1.11682,55970,
1.11590,1.12611,1.11530,1.12394,56818,
1.12392,1.12764,1.12257,1.12490,56351,
1.12502,1.13014,1.12190,1.12195,57701,
1.12190,1.13078,1.12007,1.12745,51664,
1.12746,1.13467,1.12504,1.13327,48775,
1.13205,1.13298,1.12893,1.13094,41545,
1.13105,1.13366,1.13005,1.13248,49726,
1.13237,1.13425,1.12817,1.12859,50566,
1.12848,1.13029,1.12675,1.12751,47556,
1.12742,1.12882,1.12016,1.12048,52939,
1.12086,1.12462,1.12028,1.12170,50196,
1.12160,1.12419,1.11804,1.11910,69404,
1.11908,1.12516,1.11862,1.12251,62854,
1.12246,1.13152,1.12242,1.12912,86496,
1.12905,1.13769,1.12822,1.13678,79870,
1.13686,1.14027,1.13647,1.13971,65183,
1.13972,1.14112,1.13436,1.13653,84986,
1.13640,1.13899,1.13466,1.13680,75905,
1.13676,1.13805,1.13469,1.13680,67574,
1.13680,1.13923,1.13498,1.13707,65211,
1.13581,1.13702,1.12803,1.12838,72117,
1.12838,1.13192,1.12743,1.12833,62150,
1.12833,1.13101,1.12677,1.12763,59871,
1.12766,1.12943,1.12723,1.12829,30955,
1.12816,1.12868,1.12064,1.12221,54277,
1.12211,1.12334,1.12061,1.12133,44390,
1.12126,1.12178,1.11925,1.12070,47917,
1.12063,1.12633,1.12010,1.12499,58047,
1.12495,1.12849,1.12444,1.12520,60803,
1.12520,1.12741,1.12373,1.12694,57090,
1.12654,1.12829,1.12525,1.12567,45921,
1.12567,1.12625,1.12011,1.12093,53265,
1.12089,1.12326,1.11989,1.12228,47746,
1.12221,1.12795,1.12044,1.12756,63263,
1.12745,1.12810,1.12025,1.12184,65178,
1.12140,1.12243,1.12053,1.12078,49453,
1.12074,1.12087,1.11449,1.11508,53339,
1.11504,1.11549,1.11261,1.11389,52325,
1.11388,1.11870,1.11004,1.11461,55963,
1.11444,1.11501,1.11112,1.11228,50078,
1.11230,1.11500,1.11121,1.11438,47258,
1.11432,1.11600,1.11313,1.11534,58921,
1.11525,1.11612,1.10592,1.10739,59110,
1.10746,1.10940,1.10261,1.10839,84871,
1.10835,1.11155,1.10687,1.11050,87319,
1.11000,1.12123,1.10995,1.12013,85765,
1.12017,1.12487,1.11666,1.11940,89608,
1.11959,1.12411,1.11783,1.11980,83426,
1.11960,1.12308,1.11761,1.11783,72888,
1.11787,1.12220,1.11768,1.11970,68397,
1.11960,1.12298,1.11611,1.12119,65897,
1.12119,1.12276,1.11698,1.11698,71001,
1.11692,1.11900,1.11298,1.11372,75814,
1.11359,1.11575,1.10906,1.11052,76084,
1.11057,1.11114,1.10654,1.10890,66253,
1.10913,1.11130,1.10753,1.10768,61789,
1.10753,1.11059,1.10647,1.10969,59800,
1.10969,1.11062,1.10795,1.10831,58088,
1.10833,1.11125,1.10630,1.10799,50646,
1.10799,1.11525,1.10511,1.11362,60412,
1.11468,1.11632,1.10937,1.10995,78929,
1.10996,1.11152,1.10852,1.10919,54946,
1.10903,1.10972,1.10727,1.10801,51312,
1.10800,1.10916,1.10414,1.10573,53519,
1.10573,1.10597,1.09626,1.09865,56388,
1.09890,1.09959,1.09573,1.09684,36593,
1.09683,1.09781,1.09256,1.09701,59020,
1.09698,1.10378,1.09679,1.10337,52814,
1.10338,1.10837,1.10163,1.10341,58953,
1.10345,1.10565,1.10196,1.10267,56761,
1.10259,1.10674,1.10149,1.10483,45144,
1.10483,1.10589,1.10299,1.10479,45656,
1.10480,1.10549,1.09846,1.10082,43193,
1.10082,1.10864,1.09262,1.10627,67172,
1.10629,1.11088,1.10547,1.10728,54806,
1.10723,1.10857,1.09927,1.09986,52836,
1.09986,1.10739,1.09896,1.10707,55467,
1.10707,1.10749,1.10131,1.10320,46966,
1.10323,1.10728,1.10222,1.10407,57064,
1.10403,1.10669,1.09956,1.10149,53015,
1.10152,1.10247,1.09655,1.09939,52689,
1.09941,1.10228,1.09832,1.10182,30730,
1.10180,1.10201,1.09368,1.09429,30319,
1.09429,1.09667,1.09098,1.09165,29972,
1.09165,1.09575,1.09056,1.09343,27977,
1.09410,1.09468,1.08841,1.08981,16985,
1.08981,1.09417,1.08784,1.09298,19211,
1.09288,1.09626,1.09036,1.09599,17884,
1.09599,1.09987,1.09406,1.09702,20373,
1.09710,1.09910,1.09572,1.09750,29632,
1.09769,1.09996,1.09615,1.09703,23839,
1.09708,1.09950,1.09406,1.09550,24765,
1.09550,1.09892,1.09542,1.09722,40323,
1.09720,1.10331,1.09720,1.10077,57412,
1.10080,1.10621,1.10003,1.10319,60759,
1.10371,1.10420,1.10123,1.10233,40250,
1.10235,1.10454,1.09906,1.10304,53195,
1.10305,1.10844,1.10219,1.10722,53925,
1.10723,1.11390,1.10645,1.11259,49903,
1.11263,1.11727,1.11140,1.11727,40776,
1.11558,1.11787,1.11383,1.11490,30097,
1.11490,1.11562,1.11171,1.11239,37355,
1.11239,1.11391,1.11055,1.11312,31384,
1.11310,1.11620,1.10925,1.11044,40188,
1.11043,1.11224,1.10724,1.10793,29395,
1.10797,1.11059,1.10755,1.10988,27856,
1.10990,1.11179,1.10729,1.11114,32985,
1.11112,1.11527,1.10795,1.11513,44647,
1.11525,1.11749,1.11308,1.11511,44794,
1.11511,1.11711,1.11277,1.11636,35328,
1.11647,1.11748,1.11241,1.11272,30647,
1.11264,1.11393,1.10629,1.10735,41173,
1.10731,1.10922,1.10645,1.10651,31615,
1.10649,1.10909,1.10354,1.10491,45048,
1.10486,1.10548,1.10161,1.10199,33216,
1.10224,1.10423,1.10159,1.10320,23339,
1.10315,1.10379,1.10019,1.10081,31819,
1.10076,1.10196,1.09947,1.10062,34178,
1.10050,1.10267,1.09884,1.10198,34033,
1.10219,1.10562,1.10139,1.10505,26310,
1.10477,1.10893,1.10477,1.10709,28394,
1.10709,1.10832,1.10620,1.10773,26428,
1.10768,1.10807,1.10524,1.10721,33885,
1.10711,1.10962,1.10517,1.10575,31413,
1.10574,1.10865,1.10138,1.10188,32267,
1.10162,1.10314,1.10030,1.10127,28005,
1.10127,1.10249,1.10067,1.10206,29177,
1.10199,1.10240,1.09917,1.09983,28661,
1.09983,1.10173,1.09978,1.10063,22168,
1.10061,1.10277,1.09806,1.10169,28253,
1.10220,1.10888,1.10024,1.10778,31961,
1.10778,1.10928,1.10654,1.10805,32155,
1.10805,1.11155,1.10661,1.10768,34993,
1.10769,1.11074,1.10764,1.11034,28352,
1.11030,1.11091,1.10392,1.10558,28856,
1.10543,1.10772,1.10527,1.10631,22398,
1.10629,1.10971,1.10621,1.10918,27555,
1.10916,1.11441,1.10696,1.11286,34105,
1.11286,1.11535,1.11031,1.11278,35719,
1.11245,1.11988,1.11010,1.11215,58966,
1.11239,1.11575,1.11221,1.11428,30774,
1.11428,1.11738,1.11287,1.11489,35245,
1.11488,1.11536,1.11097,1.11120,30638,
1.11125,1.11436,1.11067,1.11205,33087,
1.11207,1.11242,1.10658,1.10763,29823,
1.10775,1.10953,1.10693,1.10879,29017,
1.10873,1.10934,1.10686,1.10851,29188,
1.10886,1.11083,1.10816,1.10968,16563,
1.10968,1.11875,1.10945,1.11717,36409,
1.11728,1.12201,1.11709,1.11976,33220,
1.11968,1.12385,1.11968,1.12082,30480,
1.12112,1.12239,1.11630,1.11712,31857,
1.11710,1.11792,1.11245,1.11568,37539,
1.11580,1.12049,1.11566,1.11961,31428,
1.11961,1.11968,1.11330,1.11519,35175,
1.11519,1.11676,1.11012,1.11045,48567,
1.11041,1.11198,1.10925,1.11044,31020,
1.11049,1.11285,1.10845,1.11155,29413,
1.11116,1.11461,1.11116,1.11324,24723,
1.11331,1.11439,1.11039,1.11267,29674,
1.11277,1.11627,1.11180,1.11487,26821,
1.11486,1.11719,1.11274,1.11352,28436,
1.11352,1.11419,1.10857,1.10898,27914,
1.10902,1.11016,1.10761,1.10940,22244,
1.10927,1.11172,1.10801,1.10801,31521,
1.10824,1.10976,1.10695,1.10913,32849,
1.10921,1.11080,1.10357,1.10526,38420,
1.10526,1.10609,1.10195,1.10241,33741,
1.10295,1.10368,1.10090,1.10180,36653,
1.10176,1.10245,1.09972,1.10215,31234,
1.10211,1.10269,1.09918,1.10094,28229,
1.10087,1.10387,1.10039,1.10308,36999,
1.10281,1.10947,1.10163,1.10875,38691,
1.10925,1.10931,1.10356,1.10586,38156,
1.10573,1.10634,1.10322,1.10432,34042,
1.10433,1.10472,1.09930,1.09981,35839,
1.09979,1.10133,1.09638,1.09823,30852,
1.09814,1.09843,1.09414,1.09447,37636,
1.09436,1.09568,1.09070,1.09096,31360,
1.09099,1.09241,1.08909,1.09144,34400,
1.09144,1.09249,1.08648,1.08723,34045,
1.08727,1.08880,1.08334,1.08401,37804,
1.08401,1.08606,1.08267,1.08296,32676,
1.08401,1.08504,1.08286,1.08341,23378,
1.08337,1.08368,1.07852,1.07912,36775,
1.07903,1.08112,1.07815,1.08039,35224,
1.08038,1.08205,1.07774,1.07840,43741,
1.07839,1.08629,1.07838,1.08465,41393,
1.08120,1.08713,1.08044,1.08520,58697,
1.08510,1.08896,1.08295,1.08798,62278,
1.08802,1.09080,1.08543,1.08806,62088,
1.08808,1.10057,1.08773,1.09990,71097,
1.09986,1.10524,1.09503,1.10258,89011,
1.10421,1.11839,1.10357,1.11326,94529,
1.11318,1.12123,1.10947,1.11708,83533,
1.11714,1.11864,1.10950,1.11326,65453,
1.11316,1.12441,1.11190,1.12359,65488,
1.12358,1.13540,1.12108,1.12830,97151,
1.13483,1.14943,1.13392,1.14495,135974,
1.14487,1.14573,1.12745,1.12910,126480,
1.12910,1.13661,1.12499,1.12604,104396,
1.12617,1.13326,1.10550,1.11671,127719,
1.11673,1.12207,1.10546,1.10998,133429,
1.11885,1.12360,1.10846,1.11772,146169,
1.11770,1.11885,1.09548,1.10050,132349,
1.10061,1.10447,1.08013,1.09112,136749,
1.09112,1.09809,1.06539,1.06613,146353,
1.06609,1.08303,1.06370,1.06910,157270,
1.06999,1.08268,1.06352,1.07186,135220,
1.07222,1.08875,1.07207,1.07870,127244,
1.07850,1.08932,1.07596,1.08813,123588,
1.08814,1.10581,1.08695,1.10295,107358,
1.10272,1.11462,1.09528,1.11392,111460,
1.11150,1.11434,1.10094,1.10398,94253,
1.10392,1.10539,1.09261,1.10274,103418,
1.10279,1.10384,1.09022,1.09603,84710,
1.09608,1.09677,1.08208,1.08555,160408,
1.08555,1.08648,1.07728,1.07899,232928,
1.08094,1.08353,1.07684,1.07915,216757,
1.07917,1.09257,1.07836,1.08901,216718,
1.08900,1.09022,1.08300,1.08558,195035,
1.08556,1.09518,1.08410,1.09289,201360,
1.09289,1.09523,1.09195,1.09242,116712,
1.09485,1.09679,1.08928,1.08982,134988,
1.09052,1.09872,1.09021,1.09774,160473,
1.09787,1.09909,1.08566,1.09075,155028,
1.09081,1.09113,1.08167,1.08388,184525,
1.08382,1.08927,1.08121,1.08698,180986,
1.08632,1.08966,1.08414,1.08606,143370,
1.08600,1.08803,1.08168,1.08563,152132,
1.08570,1.08853,1.08033,1.08229,108289,
1.08225,1.08467,1.07561,1.07762,172212,
1.07762,1.08293,1.07271,1.08213,149382,
1.08212,1.08601,1.08114,1.08285,125663,
1.08285,1.08884,1.08098,1.08180,121421,
1.08187,1.08857,1.08183,1.08707,125065,
1.08667,1.09702,1.08332,1.09535,148975,
1.09535,1.10183,1.09345,1.09743,111412,
1.09677,1.09738,1.08958,1.09058,110059,
1.08984,1.09260,1.08259,1.08338,116538,
1.08271,1.08455,1.07820,1.07931,107265,
1.07928,1.08340,1.07666,1.08332,123464,
1.08334,1.08756,1.08152,1.08354,95087,
1.08280,1.08505,1.08007,1.08060,102448,
1.08021,1.08851,1.07845,1.08470,107179,
1.08470,1.08965,1.08116,1.08175,115531,
1.08175,1.08240,1.07749,1.08037,105804,
1.08042,1.08507,1.07889,1.08054,98451,
1.08080,1.09270,1.07999,1.09158,94852,
1.09097,1.09761,1.09022,1.09219,100117,
1.09208,1.09991,1.09187,1.09796,91217,
1.09774,1.10083,1.09373,1.09494,102398,
1.09487,1.09538,1.08856,1.08981,92173,
1.08954,1.09146,1.08707,1.08958,58975,
1.08958,1.09958,1.08924,1.09815,106881,
1.09815,1.10308,1.09343,1.10030,161387,
1.10091,1.10935,1.09918,1.10764,161229,
1.10764,1.11451,1.10675,1.10948,177928,
1.11130,1.11540,1.11005,1.11356,145544,
1.11355,1.11959,1.11153,1.11692,162979,
1.11677,1.12578,1.11668,1.12333,181224,
1.12330,1.13623,1.11949,1.13368,186737,
1.13368,1.13838,1.12785,1.12922,181858,
1.12933,1.13198,1.12684,1.12903,146836,
1.12907,1.13639,1.12410,1.13366,158715,
1.13378,1.14225,1.13243,1.13725,183139,
1.13721,1.14037,1.12888,1.12988,250318,
1.12939,1.13406,1.12126,1.12524,232992,
1.12342,1.13325,1.12266,1.13220,213115,
1.13250,1.13534,1.12279,1.12633,190976,
1.12627,1.12940,1.12075,1.12432,182192,
1.12424,1.12614,1.11855,1.12047,175336,
1.12032,1.12544,1.11683,1.11709,157500,
1.11823,1.12698,1.11686,1.12601,120916,
1.12592,1.13486,1.12331,1.13077,167375,
1.13075,1.13258,1.12483,1.12502,150118,
1.12502,1.12598,1.11904,1.12171,143572,
1.12170,1.12394,1.11953,1.12168,108796,
1.12168,1.12879,1.12153,1.12415,120099,
1.12408,1.12619,1.11912,1.12328,130633,
1.12336,1.12752,1.11851,1.12509,129685,
1.12509,1.13027,1.12235,1.12318,129601,
1.12341,1.12526,1.12194,1.12365,128462,
1.12432,1.13456,1.12424,1.13054,113012,
1.13088,1.13326,1.12590,1.12718,127573,
1.12718,1.13517,1.12624,1.13258,123235,
1.13265,1.13707,1.12804,1.12842,143222,
1.12797,1.13248,1.12549,1.13001,120290,
1.13042,1.13749,1.13010,1.13405,122200,
1.13409,1.14088,1.13253,1.13996,165296,
1.13945,1.14521,1.13912,1.14073,148472,
1.14071,1.14418,1.13706,1.13835,152172,
1.13835,1.14438,1.13776,1.14277,114412,
1.14092,1.14678,1.14026,1.14438,147804,
1.14438,1.15398,1.14230,1.15273,155815,
1.15273,1.16012,1.15070,1.15728,181541,
1.15716,1.16268,1.15404,1.15960,172716,
1.15959,1.16582,1.15814,1.16556,175752,
1.16432,1.17815,1.16415,1.17515,187317,
1.17515,1.17737,1.16988,1.17114,192594,
1.17118,1.18055,1.17118,1.17883,182442,
1.17884,1.18484,1.17309,1.18466,202627,
1.18463,1.19087,1.17622,1.17762,238246,
1.17708,1.17971,1.16960,1.17632,176807,
1.17635,1.18058,1.17213,1.18020,172965,
1.17961,1.19049,1.17931,1.18590,174939,
1.18588,1.19150,1.18181,1.18762,198553,
1.18762,1.18831,1.17553,1.17823,209416,
1.17869,1.18007,1.17361,1.17372,143314,
1.17389,1.18075,1.17222,1.17436,195673,
1.17436,1.18151,1.17111,1.17790,178505,
1.17802,1.18642,1.17790,1.18125,159932,
1.18124,1.18504,1.17818,1.18416,142674,
1.18388,1.18811,1.18288,1.18699,119645,
1.18664,1.19657,1.18600,1.19286,152274,
1.19278,1.19527,1.18304,1.18359,175386,
1.18368,1.18687,1.18023,1.18591,164108,
1.18591,1.18830,1.17544,1.17931,147613,
1.17924,1.18497,1.17843,1.17874,113855,
1.17867,1.18435,1.17843,1.18341,137640,
1.18341,1.18393,1.17723,1.18299,119471,
1.18283,1.19016,1.17626,1.18207,188817,
1.18202,1.19198,1.18111,1.19022,175890,
1.18997,1.19662,1.18842,1.19365,143584,
1.19365,1.20111,1.19015,1.19120,161511,
1.19120,1.19288,1.18223,1.18515,141644,
1.18517,1.18646,1.17890,1.18478,161134,
1.18488,1.18654,1.17810,1.18363,168029,
1.18449,1.18487,1.18118,1.18148,92814,
1.18131,1.18275,1.17657,1.17778,165683,
1.17773,1.18334,1.17529,1.18028,144996,
1.17999,1.19174,1.17998,1.18150,175089,
1.18150,1.18741,1.18097,1.18465,131545,
1.18357,1.18879,1.18320,1.18626,97451,
1.18634,1.19005,1.18396,1.18469,102174,
1.18469,1.18825,1.17878,1.18138,137687,
1.18168,1.18524,1.17377,1.18480,154864,
1.18481,1.18704,1.18262,1.18393,115665,
1.18399,1.18718,1.17318,1.17653,157965,
1.17655,1.17737,1.16918,1.17068,164278,
1.17068,1.17190,1.16516,1.16596,156169,
1.16601,1.16870,1.16266,1.16713,157934,
1.16711,1.16851,1.16124,1.16286,137018,
1.16247,1.16801,1.16152,1.16615,112790,
1.16636,1.17456,1.16613,1.17427,121408,
1.17432,1.17550,1.16848,1.17196,178877,
1.17198,1.17697,1.17172,1.17489,172990,
1.17488,1.17496,1.16958,1.17161,202614,
1.17109,1.17977,1.17059,1.17825,117850,
1.17825,1.18078,1.17319,1.17336,142942,
1.17336,1.17819,1.17251,1.17614,133410,
1.17616,1.17817,1.17329,1.17582,109334,
1.17580,1.18311,1.17510,1.18231,113879,
1.18111,1.18267,1.17869,1.18108,100141,
1.18103,1.18155,1.17310,1.17442,122108,
1.17438,1.17709,1.17202,1.17453,116443,
1.17453,1.17578,1.16886,1.17071,134937,
1.17074,1.17462,1.16941,1.17149,119630,
1.17207,1.17938,1.17032,1.17690,109227,
1.17655,1.18408,1.17601,1.18210,109743,
1.18206,1.18808,1.18206,1.18618,135931,
1.18577,1.18670,1.18114,1.18176,117834,
1.18161,1.18649,1.17868,1.18581,121449,
1.18522,1.18601,1.18033,1.18096,124320,
1.18116,1.18388,1.17927,1.17951,99217,
1.17903,1.17942,1.17179,1.17458,137686,
1.17436,1.17588,1.16502,1.16738,144519,
1.16725,1.17043,1.16401,1.16457,140123,
1.16472,1.16557,1.16222,1.16406,114372,
1.16336,1.17399,1.16330,1.17132,105467,
1.17143,1.17705,1.16029,1.17216,340242,
1.17183,1.18597,1.17108,1.18199,203313,
1.18211,1.18910,1.17954,1.18737,193629,
1.18873,1.19201,1.17954,1.18131,252879,
1.18110,1.18434,1.17799,1.18138,206410,
1.18103,1.18328,1.17456,1.17766,124933,
1.17742,1.18232,1.17587,1.18037,126073,
1.17995,1.18375,1.17992,1.18341,99605,
1.18401,1.18687,1.18142,1.18510,132410,
1.18515,1.18938,1.18429,1.18609,107045,
1.18622,1.18910,1.18492,1.18524,110718,
1.18545,1.18825,1.18163,1.18746,120007,
1.18745,1.18909,1.18498,1.18548,105961,
1.18516,1.19060,1.18002,1.18402,115830,
1.18395,1.18961,1.18343,1.18893,118293,
1.18926,1.19298,1.18819,1.19134,129144,
1.19152,1.19410,1.18853,1.19123,76655,
1.19125,1.19634,1.19075,1.19625,89645,
1.19616,1.20034,1.19236,1.19271,125176,
1.19255,1.20766,1.19249,1.20687,139642,
1.20687,1.21185,1.20401,1.21132,151628,
1.21148,1.21747,1.21011,1.21408,136779,
1.21419,1.21775,1.21103,1.21211,149667,
1.21299,1.21664,1.20786,1.21091,136644,
1.21091,1.21341,1.20956,1.21001,134090,
1.20999,1.21473,1.20589,1.20799,125733,
1.20775,1.21590,1.20753,1.21371,164361,
1.21355,1.21630,1.21055,1.21079,132239,
1.21353,1.21768,1.21157,1.21435,120963,
1.21438,1.21688,1.21216,1.21506,123811,
1.21519,1.22123,1.21251,1.21987,147217,
1.21985,1.22728,1.21900,1.22668,123095,
1.22675,1.22714,1.22255,1.22509,112539,
1.22217,1.22529,1.21298,1.22410,209544,
1.22396,1.22571,1.21523,1.21605,154700,
1.21600,1.22211,1.21539,1.21841,154237,
1.21854,1.22157,1.21774,1.21838,93285,
1.21800,1.22013,1.21715,1.21959,4475,
1.21857,1.22505,1.21790,1.22161,138209,
1.22126,1.22751,1.22070,1.22473,125683,
1.22473,1.23100,1.22464,1.22947,142079,
1.22959,1.23093,1.22093,1.22144,131043,
1.22386,1.22586,1.22289,1.22491,41192,
1.22866,1.23494,1.22656,1.23235,115180,
1.23251,1.23444,1.22451,1.22701,161394,
1.22703,1.22847,1.21931,1.22147,192831,
1.22177,1.22228,1.21323,1.21504,150652,
1.21513,1.22098,1.21372,1.22063,133690,
1.22065,1.22229,1.21401,1.21569,137961,
1.21527,1.21787,1.21112,1.21537,154196,
1.21523,1.21625,1.20750,1.20779,136634,
1.20843,1.20865,1.20651,1.20756,22241,
1.21688,1.21736,1.21643,1.21643,1660,
1.21665,1.21834,1.21160,1.21390,122954,
1.21368,1.21760,1.21078,1.21599,116319,
1.21603,1.21699,1.20586,1.21120,165191,
1.21090,1.21421,1.20808,1.21204,167244,
1.21204,1.21558,1.20945,1.21334,168975,
1.21303,1.21365,1.20561,1.20595,145257,
1.20591,1.20879,1.20116,1.20434,128660,
1.20425,1.20501,1.20042,1.20336,104284,
1.20358,1.20428,1.19576,1.19625,108491,
1.19621,1.20499,1.19523,1.20394,111052,
1.20375,1.20659,1.20199,1.20490,92525,
1.20428,1.21219,1.20428,1.21192,104372,
1.21167,1.21441,1.21090,1.21171,86555,
1.21178,1.21494,1.21136,1.21280,72020,
1.21275,1.21355,1.20815,1.21200,77273,
1.21245,1.21452,1.21168,1.21275,66101,
1.21275,1.21695,1.20951,1.21061,95484,
1.21044,1.21085,1.20242,1.20361,46080,
1.20354,1.20946,1.20354,1.20897,41285,
1.20893,1.21445,1.20824,1.21178,41601,
1.21150,1.21694,1.20913,1.21557,49667,
1.21540,1.21798,1.21354,1.21494,47615,
1.21492,1.21745,1.21092,1.21656,57947,
1.21656,1.22428,1.21561,1.21753,69595,
1.21745,1.21834,1.20624,1.20721,81987,
1.20700,1.21012,1.20277,1.20489,51119,
1.20483,1.20944,1.19919,1.20904,52376,
1.20887,1.21130,1.20430,1.20628,52939,
1.20648,1.20663,1.19618,1.19694,67059,
1.19647,1.19773,1.18933,1.19157,71520,
1.19173,1.19322,1.18442,1.18463,60911,
1.18464,1.19158,1.18357,1.18997,57077,
1.18993,1.19297,1.18689,1.19285,54411,
1.19279,1.19899,1.19158,1.19854,53701,
1.19808,1.19883,1.19100,1.19497,53329,
1.19463,1.19675,1.19112,1.19273,44513,
1.19266,1.19519,1.18825,1.19016,43835,
1.19040,1.19854,1.18863,1.19780,46300,
1.19785,1.19889,1.19064,1.19116,58885,
1.19114,1.19371,1.18741,1.19031,46763,
1.18753,1.19467,1.18723,1.19322,41021,
1.19322,1.19407,1.18422,1.18486,44804,
1.18492,1.18532,1.18099,1.18124,47546,
1.18118,1.18278,1.17618,1.17639,49264,
1.17633,1.18049,1.17633,1.17925,38620,
1.17926,1.17938,1.17608,1.17647,35596,
1.17643,1.17736,1.17117,1.17176,27249,
1.17174,1.17597,1.17040,1.17293,29375,
1.17295,1.17797,1.17131,1.17768,30443,
1.17765,1.17863,1.17491,1.17613,14794,
1.17570,1.18194,1.17379,1.18121,19536,
1.18122,1.18774,1.17954,1.18742,28641,
1.18740,1.19145,1.18610,1.18702,32596,
1.18685,1.19270,1.18607,1.19157,28504,
1.19141,1.19200,1.18673,1.19007,28346,
1.18905,1.19189,1.18712,1.19103,27498,
1.19102,1.19556,1.18794,1.19492,34238,
1.19488,1.19872,1.19467,1.19806,29021,
1.19802,1.19931,1.19561,1.19658,29302,
1.19657,1.19945,1.19504,1.19811,26012,
1.19724,1.20478,1.19426,1.20354,30475,
1.20363,1.20796,1.20224,1.20357,32228,
1.20356,1.20435,1.19986,1.20346,26556,
1.20346,1.20693,1.19937,1.20157,34210,
1.20153,1.20998,1.20128,1.20974,27258,
1.20909,1.21168,1.20614,1.20920,28179,
1.20881,1.20919,1.20568,1.20908,26000,
1.20901,1.21345,1.20561,1.21235,33890,
1.21231,1.21497,1.21021,1.21206,29351,
1.21188,1.21263,1.20166,1.20209,29534,
1.20302,1.20757,1.20132,1.20622,24256,
1.20628,1.20641,1.19991,1.20153,31328,
1.20134,1.20265,1.19861,1.20041,26157,
1.20040,1.20715,1.19933,1.20632,27789,
1.20638,1.21713,1.20529,1.21619,35986,
1.21572,1.21781,1.21281,1.21281,33686,
1.21281,1.21814,1.21230,1.21480,36603,
1.21470,1.21518,1.20656,1.20729,44344,
1.20710,1.21059,1.20515,1.20794,41435,
1.20789,1.21476,1.20710,1.21443,34216,
1.21426,1.21686,1.21260,1.21517,29082,
1.21501,1.22336,1.21465,1.22226,29375,
1.22221,1.22449,1.21599,1.21757,43801,
1.21712,1.22289,1.21648,1.22257,31861,
1.22261,1.22396,1.21609,1.21804,34497,
1.21701,1.22297,1.21701,1.22157,30819,
1.22139,1.22662,1.22103,1.22491,30145,
1.22487,1.22627,1.21820,1.21923,24253,
1.21921,1.22148,1.21753,1.21932,25274,
1.21927,1.22048,1.21328,1.21895,26080,
1.21986,1.22312,1.21834,1.22256,14990,
1.22252,1.22541,1.22119,1.22120,21521,
1.22119,1.22264,1.21642,1.22095,20325,
1.22097,1.22140,1.21184,1.21278,23050,
1.21275,1.21851,1.21039,1.21664,23720,
1.21595,1.22016,1.21451,1.21903,15886,
1.21901,1.21941,1.21644,1.21727,19294,
1.21727,1.22177,1.21712,1.21790,14712,
1.21790,1.21944,1.21436,1.21761,23567,
1.21745,1.21928,1.20929,1.21063,18942,
1.21022,1.21301,1.20944,1.21187,16562,
1.21185,1.21470,1.21015,1.21263,16977,
1.21262,1.21346,1.19954,1.19972,26408,
1.19967,1.20062,1.18921,1.19067,34150,
1.19067,1.19249,1.18476,1.18599,34310,
1.18551,1.19209,1.18479,1.19184,31750,
1.19182,1.19524,1.18811,1.19407,25877,
1.19402,1.19698,1.19117,1.19276,23278,
1.19274,1.19561,1.19178,1.19313,19978,
1.19312,1.19750,1.19265,1.19370,19375,
1.19296,1.19443,1.19026,1.19231,20261,
1.19226,1.19296,1.18778,1.18970,20825,
1.18969,1.19088,1.18452,1.18601,22677,
1.18594,1.18841,1.18375,1.18492,22593,
1.18492,1.18739,1.18077,1.18646,24186,
1.18562,1.18803,1.18514,1.18618,15156,
1.18615,1.18949,1.18076,1.18219,27547,
1.18221,1.18356,1.17817,1.17913,26797,
1.17911,1.18677,1.17837,1.18452,35847,
1.18394,1.18811,1.18250,1.18773,54245,
1.18729,1.18801,1.18361,1.18606,44247,
1.18585,1.18751,1.17722,1.17767,53044,
1.17756,1.18387,1.17719,1.18374,53614,
1.18348,1.18506,1.17962,1.18114,47553,
1.18099,1.18223,1.17922,1.18056,43607,
1.18079,1.18244,1.17639,1.17999,53838,
1.18008,1.18025,1.17555,1.17810,53562,
1.17801,1.18047,1.17519,1.17936,44232,
1.17947,1.18304,1.17574,1.17700,50258,
1.17667,1.17865,1.17545,1.17693,38739,
1.17720,1.18173,1.17633,1.18025,42981,
1.18030,1.18410,1.17701,1.18154,45446,
1.18162,1.18495,1.17731,1.18437,50430,
1.18432,1.18928,1.18407,1.18851,38492,
1.18849,1.19086,1.18516,1.18730,43282,
1.18657,1.18968,1.18589,1.18718,38476,
1.18684,1.18933,1.18536,1.18639,39052,
1.18606,1.18997,1.18327,1.18378,38369,
1.18363,1.18572,1.18281,1.18308,36225,
1.18322,1.18353,1.17543,1.17611,38423,
1.17564,1.17688,1.17349,1.17354,41934,
1.17356,1.17427,1.17097,1.17203,38007,
1.17187,1.17535,1.17060,1.17404,41764,
1.17368,1.17482,1.17236,1.17340,30466,
1.17278,1.18046,1.17278,1.17961,25842,
1.17938,1.18007,1.17674,1.17761,27906,
1.17760,1.17844,1.17081,1.17096,37726,
1.17093,1.17427,1.16937,1.17105,40727,
1.17092,1.17154,1.16657,1.16778,49367,
1.16761,1.17044,1.16640,1.16995,38014,
1.16915,1.17502,1.16914,1.17443,37196,
1.17425,1.17650,1.17271,1.17571,33830,
1.17542,1.17745,1.17261,1.17723,37963,
1.17692,1.17789,1.17459,1.17516,39026,
1.17507,1.18023,1.17349,1.17958,46254,
1.17933,1.18097,1.17827,1.17968,30506,
1.17961,1.18450,1.17937,1.18089,46699,
1.18073,1.18570,1.17936,1.18387,40968,
1.18378,1.18759,1.18343,1.18755,35751,
1.18744,1.19090,1.18657,1.18774,45574,
1.18758,1.18863,1.18557,1.18687,26667,
1.18679,1.18851,1.18374,1.18424,45584,
1.18387,1.18510,1.18020,1.18175,47386,
1.18132,1.18412,1.18052,1.18230,48719,
1.18231,1.18511,1.18094,1.18107,43419,
1.18132,1.18170,1.17701,1.18106,41381,
1.18083,1.18457,1.18000,1.18045,44947,
1.18022,1.18318,1.17992,1.18155,44716,
1.18142,1.18205,1.17504,1.17685,46232,
1.17660,1.17888,1.17245,1.17257,44765,
1.17250,1.17364,1.17002,1.17277,45722,
1.17247,1.17487,1.17149,1.17253,44678,
1.17217,1.17556,1.16847,1.16897,55507,
1.16871,1.17500,1.16834,1.17395,51319,
1.17382,1.17476,1.17006,1.17209,39838,
1.17247,1.17251,1.16847,1.16960,47022,
1.16955,1.17032,1.16682,1.16835,58938,
1.16828,1.16899,1.15894,1.15960,57741,
1.15972,1.16098,1.15626,1.15756,60682,
1.15767,1.16073,1.15629,1.15931,57654,
1.15956,1.16400,1.15876,1.16194,47953,
1.16159,1.16219,1.15806,1.15974,45914,
1.15967,1.16005,1.15293,1.15573,56232,
1.15549,1.15720,1.15475,1.15532,45361,
1.15540,1.15859,1.15413,1.15740,48276,
1.15661,1.15866,1.15491,1.15540,37423,
1.15517,1.15702,1.15243,1.15305,45421,
1.15296,1.15972,1.15276,1.15952,50334,
1.15910,1.16243,1.15840,1.15972,39315,
1.15961,1.16187,1.15880,1.15984,43723,
1.15941,1.16223,1.15717,1.16113,45507,
1.16100,1.16692,1.16084,1.16324,46052,
1.16312,1.16586,1.16170,1.16503,47729,
1.16479,1.16673,1.16197,1.16229,49895,
1.16221,1.16556,1.16212,1.16440,51781,
1.16397,1.16649,1.15907,1.16102,47467,
1.16086,1.16257,1.15850,1.15974,44513,
1.15947,1.16260,1.15849,1.16030,56263,
1.16029,1.16920,1.15823,1.16845,67610,
1.16819,1.16900,1.15352,1.15623,63480,
1.15567,1.16090,1.15459,1.16071,50361,
1.16017,1.16133,1.15753,1.15790,55349,
1.15806,1.16162,1.15622,1.16112,64610,
1.16102,1.16164,1.15285,1.15540,64295,
1.15505,1.15732,1.15133,1.15669,65849,
1.15612,1.15949,1.15504,1.15870,48844,
1.15864,1.16086,1.15699,1.15944,59445,
1.15927,1.15952,1.14760,1.14768,59280,
1.14781,1.14875,1.14430,1.14488,40496,
1.14486,1.14621,1.14329,1.14432,43030,
1.14467,1.14639,1.13563,1.13687,45257,
1.13683,1.13857,1.13092,1.13184,51474,
1.13206,1.13322,1.12636,1.13226,54965,
1.13201,1.13741,1.13137,1.13730,46535,
1.13708,1.13726,1.12500,1.12832,59213,
1.12886,1.12904,1.12307,1.12364,56889,
1.12352,1.12750,1.12260,1.12492,55893,
1.12474,1.12551,1.11863,1.11990,59759,
1.11965,1.12296,1.11965,1.12067,31605,
1.12063,1.13303,1.12054,1.13227,76427,
1.13058,1.13124,1.12584,1.12925,56801,
1.12833,1.13828,1.12352,1.13397,77062,
1.13336,1.13595,1.13025,1.13192,66942,
1.13190,1.13477,1.12953,1.13000,56649,
1.13007,1.13334,1.12667,1.13090,64144,
1.13041,1.13111,1.12665,1.12842,45848,
1.12817,1.12983,1.12274,1.12688,48210,
1.12637,1.13548,1.12624,1.13442,54128,
1.13422,1.13453,1.12783,1.12925,45484,
1.12906,1.13240,1.12651,1.13169,48257,
1.13126,1.13193,1.12600,1.12865,41771,
1.12834,1.13237,1.12536,1.12564,43874,
1.12565,1.12991,1.12221,1.12936,52923,
1.12873,1.13603,1.12813,1.13317,56495,
1.13297,1.13488,1.12350,1.12377,48656,
1.12366,1.13037,1.12347,1.12769,49082,
1.12777,1.13026,1.12610,1.12809,41788,
1.12802,1.13422,1.12643,1.13281,38937,
1.13248,1.13421,1.12903,1.13278,37949,
1.13245,1.13434,1.13065,1.13170,41916,
1.13107,1.13344,1.13028,1.13263,27881,
1.13234,1.13330,1.12895,1.13087,30628,
1.13091,1.13687,1.12736,1.13476,38612,
1.13469,1.13597,1.12986,1.13246,37113,
1.13211,1.13863,1.13032,1.13779,31997,
1.13648,1.13783,1.12797,1.12977,41308,
1.12954,1.13225,1.12723,1.12860,49157,
1.12839,1.13463,1.12770,1.13129,48547,
1.13109,1.13317,1.12846,1.12985,53393,
1.12962,1.13647,1.12900,1.13594,44340,
1.13555,1.13607,1.12851,1.13295,49102,
1.13251,1.13750,1.13129,1.13690,46470,
1.13673,1.14527,1.13546,1.14402,47549,
1.14404,1.14816,1.14358,1.14547,48258,
1.14542,1.14828,1.13985,1.14157,53125,
1.14129,1.14343,1.13918,1.14051,33491,
1.14065,1.14213,1.13147,1.13276,60320,
1.13203,1.13571,1.13189,1.13436,49069,
1.13418,1.13689,1.13031,1.13100,50357,
1.13107,1.13597,1.13009,1.13422,50604,
1.13405,1.13450,1.12905,1.13253,53457,
1.13227,1.13291,1.12632,1.13027,43896,
1.12998,1.13107,1.12355,1.12421,53984,
1.12393,1.12433,1.11319,1.11438,58316,
1.11421,1.11734,1.11214,1.11474,47948,
1.11428,1.12477,1.11384,1.12334,49531,
1.12337,1.12786,1.12211,1.12729,47157,
1.12690,1.13300,1.12666,1.13053,33807,
1.13028,1.14514,1.12674,1.14392,47438,
1.14344,1.14837,1.14116,1.14517,52256,
1.14585,1.14628,1.14152,1.14393,51502,
1.14405,1.14487,1.13963,1.14172,44538,
1.14154,1.14477,1.14026,1.14233,40699,
1.14221,1.14948,1.13749,1.14289,47655,
1.14288,1.14300,1.13298,1.13476,62337,
1.13385,1.13691,1.12802,1.13077,52795,
1.13064,1.13683,1.12980,1.13596,42729,
1.13573,1.13958,1.13450,1.13738,39552,
1.13728,1.13861,1.13234,1.13617,62154,
1.13611,1.13769,1.13146,1.13233,52566,
1.13195,1.13906,1.13067,1.13110,42622,
1.13107,1.13667,1.12880,1.13256,68164,
1.13240,1.13589,1.13012,1.13030,46610,
1.13040,1.13086,1.11064,1.11931,114609,
1.11914,1.12740,1.11659,1.12720,79331,
1.11371,1.12464,1.11368,1.12197,97437,
1.12156,1.12330,1.10896,1.11237,80595,
1.11213,1.11434,1.10575,1.11244,80479,
1.11160,1.11214,1.10337,1.10662,69042,
1.10658,1.10679,1.08862,1.09308,78567,
1.09272,1.09317,1.08061,1.08523,80355,
1.08519,1.09583,1.08490,1.09025,75544,
1.08964,1.10950,1.08901,1.10730,58363,
1.10719,1.11210,1.09762,1.09879,61765,
1.09850,1.10433,1.09020,1.09141,59260,
1.09220,1.09938,1.09006,1.09394,52283,
1.09410,1.10196,1.09261,1.09463,55429,
1.09539,1.10468,1.09483,1.10361,60361,
1.10342,1.11375,1.10083,1.10909,46528,
1.10919,1.11185,1.10031,1.10493,46283,
1.10569,1.10699,1.10102,1.10163,41955,
1.10161,1.10456,1.09609,1.10302,49935,
1.10252,1.10438,1.09641,1.10088,55803,
1.10042,1.10138,1.09661,1.09977,60372,
1.09964,1.10379,1.09809,1.09852,63724,
1.09859,1.09995,1.09448,1.09857,71177,
1.09814,1.11371,1.09696,1.10874,87518,
1.10864,1.11710,1.10787,1.11596,79950,
1.11569,1.11847,1.10610,1.10669,77077,
1.10637,1.10762,1.10281,1.10453,62895,
1.10384,1.10543,1.09607,1.09731,51203,
1.09744,1.09886,1.09000,1.09053,54655,
1.09046,1.09378,1.08745,1.08976,68324,
1.08916,1.09385,1.08648,1.08818,61971,
1.08776,1.08919,1.08364,1.08750,54965,
1.09085,1.09332,1.08728,1.08836,58520,
1.08835,1.09035,1.08214,1.08272,68422,
1.08268,1.08942,1.08089,1.08915,60001,
1.08807,1.09231,1.07576,1.08310,73331,
1.08284,1.08300,1.07965,1.08086,43951,
1.08036,1.08215,1.07701,1.07811,43655,
1.07788,1.08142,1.07612,1.07905,62430,
1.07872,1.08670,1.07841,1.08519,69621,
1.08434,1.09363,1.08238,1.08352,79176,
1.08340,1.08517,1.07707,1.08012,71104,
1.08067,1.08147,1.06968,1.07111,88031,
1.07112,1.07387,1.06363,1.06373,72448,
1.06361,1.06547,1.05145,1.05606,84319,
1.05565,1.05647,1.04714,1.04992,95814,
1.04987,1.05927,1.04910,1.05464,82407,
1.05596,1.05683,1.04903,1.05077,73849,
1.05033,1.05776,1.04923,1.05223,64603,
1.05204,1.06309,1.05061,1.06218,75296,
1.06185,1.06418,1.04925,1.05411,98282,
1.05387,1.05988,1.04828,1.05440,110534,
1.05417,1.05924,1.04951,1.05603,91306,
1.05573,1.05853,1.05254,1.05286,96069,
1.05288,1.05770,1.05019,1.05129,95754,
1.05129,1.05293,1.03541,1.03817,102816,
1.03755,1.04197,1.03498,1.04081,74208,
1.04037,1.04430,1.03891,1.04347,64453,
1.04309,1.05557,1.04286,1.05505,73328,
1.05476,1.05637,1.04611,1.04645,65758,
1.04613,1.06070,1.04609,1.05840,88886,
1.05805,1.05987,1.05328,1.05590,73843,
1.05603,1.06973,1.05550,1.06918,68102,
1.06886,1.07486,1.06609,1.07359,69537,
1.07317,1.07389,1.06423,1.06802,71000,
1.06792,1.07316,1.06625,1.07287,62571,
1.07218,1.07650,1.06971,1.07312,58849,
1.07338,1.07868,1.07256,1.07799,45868,
1.07754,1.07790,1.06791,1.07340,74919,
1.07316,1.07391,1.06272,1.06527,63977,
1.06451,1.07501,1.06446,1.07498,55202,
1.07403,1.07643,1.07042,1.07169,53459,
1.07177,1.07518,1.06840,1.06930,51095,
1.06949,1.07142,1.06521,1.07063,61667,
1.07013,1.07484,1.06714,1.07166,60451,
1.07165,1.07738,1.06111,1.06192,73950,
1.06182,1.06422,1.05059,1.05211,75521,
1.05148,1.05201,1.03998,1.04089,93731,
1.04070,1.04847,1.03970,1.04173,93482,
1.04095,1.05077,1.03591,1.04449,114886,
1.04427,1.06013,1.03809,1.05524,115636,
1.05450,1.05608,1.04445,1.04967,103998,
1.04827,1.05458,1.04747,1.05103,63367,
1.05065,1.05826,1.05062,1.05353,65570,
1.05322,1.06055,1.04691,1.05679,81188,
1.05652,1.05811,1.04828,1.05217,95203,
1.05184,1.05711,1.05121,1.05539,71238,
1.05481,1.06147,1.05480,1.05831,74176,
1.05804,1.06061,1.05035,1.05213,78211,
1.05196,1.05353,1.04352,1.04417,81525,
1.04390,1.04885,1.03825,1.04833,85377,
1.04824,1.04848,1.03662,1.04266,88695,
1.04191,1.04627,1.04170,1.04221,55503,
1.04184,1.04488,1.02351,1.02656,91202,
1.02642,1.02762,1.01617,1.01838,102259,
1.01806,1.02209,1.01441,1.01627,81663,
1.01614,1.01914,1.00720,1.01835,90174,
1.01750,1.01837,1.00337,1.00415,82310,
1.00367,1.00738,1.00000,1.00366,93756,
1.00299,1.01220,0.99980,1.00575,101691,
1.00543,1.00590,0.99522,1.00217,107654,
1.00155,1.00977,1.00069,1.00860,85024,
1.00830,1.02012,1.00786,1.01457,81660,
1.01406,1.02689,1.01196,1.02265,87258,
1.02253,1.02730,1.01554,1.01796,82934,
1.01759,1.02779,1.01535,1.02269,96751,
1.02257,1.02553,1.01299,1.02111,90836,
1.02121,1.02578,1.01792,1.02216,82690,
1.02186,1.02502,1.01076,1.01162,73859,
1.01146,1.02209,1.00966,1.02008,79487,
1.01939,1.02343,1.01141,1.01987,92056,
1.01907,1.02543,1.01460,1.02264,87033,
1.02142,1.02753,1.02055,1.02584,82530,
1.02591,1.02938,1.01634,1.01670,98128,
1.01653,1.02099,1.01227,1.01688,86621,
1.01655,1.02536,1.01542,1.02454,77414,
1.02447,1.02520,1.01416,1.01780,74566,
1.01741,1.02218,1.01592,1.01957,63226,
1.01910,1.02474,1.01886,1.02130,52613,
1.02125,1.03684,1.02021,1.02972,70865,
1.03002,1.03644,1.02755,1.03243,74367,
1.03163,1.03274,1.02383,1.02567,65420,
1.02572,1.02682,1.01546,1.01585,59903,
1.01600,1.01946,1.01225,1.01701,64339,
1.01652,1.02028,1.01455,1.01778,74020,
1.01760,1.01930,1.00799,1.00882,68344,
1.00845,1.00954,1.00320,1.00394,58149,
1.00375,1.00465,0.99261,0.99411,64235,
0.99405,1.00180,0.99006,0.99681,71147,
0.99681,0.99990,0.99100,0.99688,65641,
0.99634,1.00335,0.99490,0.99724,66311,
0.99733,1.00898,0.99465,0.99651,69241,
0.99641,1.00290,0.99141,0.99974,74798,
0.99976,1.00549,0.99820,1.00155,77503,
1.00145,1.00791,0.99712,1.00525,74220,
1.00494,1.00553,0.99108,0.99476,76441,
0.99436,1.00335,0.99413,0.99574,73824,
0.99275,0.99439,0.98778,0.99287,59258,
0.99254,0.99863,0.98640,0.99039,86086,
0.99050,1.00108,0.98754,1.00061,78775,
1.00080,1.00294,0.99308,0.99989,83575,
0.99958,1.01132,0.99951,1.00462,75997,
1.00918,1.01977,1.00600,1.01236,75982,
1.01221,1.01870,0.99674,0.99682,73904,
0.99674,1.00235,0.99554,0.99783,82255,
0.99743,1.00177,0.99558,0.99968,67938,
0.99965,1.00363,0.99451,1.00133,73675,
1.00106,1.00292,0.99662,1.00241,59011,
1.00208,1.00505,0.99551,0.99705,73019,
0.99700,0.99750,0.98126,0.98397,83218,
0.98357,0.99076,0.98072,0.98333,96261,
0.98330,0.98517,0.96680,0.96889,87588,
0.96695,0.97098,0.95500,0.96074,122526,
0.96091,0.96707,0.95692,0.95914,96497,
0.95893,0.97509,0.95360,0.97345,114350,
0.97302,0.98083,0.96357,0.98078,107845,
0.98081,0.98538,0.97350,0.97997,107294,
0.97941,0.98446,0.97527,0.98241,95277,
0.98255,0.99995,0.98063,0.99860,106399,
0.99854,0.99950,0.98347,0.98854,97323,
0.98741,0.99265,0.97882,0.97912,107272,
0.97891,0.98167,0.97262,0.97381,97521,
0.97321,0.97530,0.96816,0.97058,125070,
0.97003,0.97747,0.96701,0.97031,177104,
0.97040,0.97348,0.96679,0.97033,165570,
0.96972,0.98060,0.96316,0.97769,184485,
0.97697,0.98088,0.97070,0.97237,186081,
0.97218,0.98521,0.97183,0.98444,160156,
0.98378,0.98758,0.98127,0.98585,170717,
0.98555,0.98725,0.97573,0.97725,159611,
0.97707,0.98455,0.97545,0.97869,184506,
0.97830,0.98690,0.97047,0.98629,213537,
0.98735,0.98994,0.98068,0.98752,216165,
0.98741,0.99768,0.98487,0.99675,159029,
0.99638,1.00887,0.99436,1.00833,171003,
1.00738,1.00938,0.99575,0.99636,183214,
0.99638,0.99982,0.99267,0.99660,165513,
0.99582,0.99659,0.98728,0.98828,129313,
0.98789,0.99540,0.98528,0.98744,146852,
0.98751,0.99761,0.98129,0.98132,138946,
0.98155,0.98395,0.97301,0.97485,141055,
0.97484,0.99665,0.97424,0.99593,165289,
0.99096,1.00342,0.99076,1.00205,144058,
1.00166,1.00964,0.99725,1.00726,121370,
1.00726,1.00883,0.99928,1.00133,158329,
1.00081,1.02218,0.99355,1.02052,167057,
1.02033,1.03642,1.01631,1.03537,181588,
1.03340,1.03585,1.02714,1.03302,169245,
1.03296,1.04818,1.02800,1.03481,197285,
1.03484,1.04386,1.03308,1.03917,178493,
1.03916,1.04066,1.03051,1.03663,148748,
1.03611,1.03959,1.03136,1.03197,128109,
1.03221,1.03331,1.02226,1.02389,133857,
1.02402,1.03080,1.02377,1.03021,115843,
1.03019,1.04051,1.02964,1.03939,135269,
1.03958,1.04486,1.03818,1.04121,99418,
1.04090,1.04292,1.03547,1.03850,113632,
1.03732,1.04968,1.03302,1.03408,148104,
1.03378,1.03942,1.03200,1.03282,148403,
1.03288,1.04288,1.02902,1.04054,161827,
1.04062,1.05338,1.03931,1.05259,175802,
1.05172,1.05451,1.04283,1.05409,147784,
1.05325,1.05948,1.04802,1.04925,144780,
1.04862,1.05329,1.04593,1.04661,140503,
1.04620,1.05498,1.04431,1.05059,158940,
1.05060,1.05648,1.04895,1.05563,137055,
1.05534,1.05883,1.05047,1.05338,137113,
1.05278,1.05801,1.05058,1.05381,117792,
1.05311,1.06733,1.05278,1.06325,151544,
1.06322,1.06953,1.06189,1.06830,154080,
1.06789,1.07364,1.05921,1.06274,149619,
1.06218,1.06632,1.05849,1.05897,131142,
1.05863,1.06578,1.05759,1.06078,123059,
1.06058,1.06585,1.05788,1.06288,173747,
1.06191,1.06454,1.05903,1.06057,117284,
1.06048,1.06593,1.05731,1.05970,122060,
1.05933,1.06328,1.05867,1.06168,116107,
1.06347,1.06695,1.06114,1.06374,97061,
1.06386,1.06745,1.06066,1.06125,101197,
1.06086,1.06905,1.06086,1.06610,97992,
1.06612,1.07131,1.06384,1.06999,119241,
1.06990,1.07073,1.06503,1.06590,30682,
1.06648,1.06832,1.05194,1.05480,148612,
1.05469,1.06354,1.05404,1.06049,151498,
1.06027,1.06312,1.05150,1.05203,138959,
1.05219,1.06480,1.04819,1.06428,138727,
1.06401,1.07606,1.06356,1.07335,126333,
1.07264,1.07593,1.07121,1.07338,129663,
1.07328,1.07764,1.07254,1.07563,107670,
1.07502,1.08669,1.07269,1.08500,157770,
1.08464,1.08679,1.07804,1.08326,133471,
1.08292,1.08741,1.08013,1.08218,89437,
1.08213,1.08693,1.07743,1.07900,132230,
1.07874,1.08874,1.07659,1.07953,171517,
1.07904,1.08399,1.07822,1.08306,129005,
1.08273,1.08588,1.08023,1.08557,104593,
1.08634,1.09269,1.08463,1.08711,121308,
1.08685,1.08980,1.08351,1.08880,103564,
1.08857,1.09236,1.08572,1.09156,105881,
1.09156,1.09294,1.08505,1.08935,104117,
1.08884,1.09003,1.08379,1.08674,93710,
1.08607,1.09137,1.08392,1.08508,102897,
1.08487,1.08750,1.08020,1.08642,111012,
1.08620,1.10005,1.08522,1.09884,121545,
1.09861,1.10329,1.08854,1.09099,143824,
1.09090,1.09400,1.07925,1.07932,126472,
1.07852,1.07990,1.07095,1.07247,110376,
1.07263,1.07664,1.06690,1.07272,136588,
1.07228,1.07607,1.07094,1.07151,101696,
1.07122,1.07906,1.07080,1.07378,106368,
1.07366,1.07527,1.06662,1.06781,112511,
1.06801,1.07299,1.06554,1.07242,95787,
1.07202,1.08041,1.07068,1.07361,144748,
1.07368,1.07444,1.06605,1.06878,118902,
1.06873,1.07223,1.06543,1.06731,124457,
1.06708,1.06983,1.06127,1.06936,111145,
1.06856,1.07045,1.06702,1.06860,67387,
1.06844,1.06981,1.06375,1.06452,117453,
1.06463,1.06640,1.05991,1.06048,123298,
1.06033,1.06279,1.05769,1.05963,104011,
1.05938,1.06143,1.05361,1.05446,124373,
1.05449,1.06199,1.05329,1.06097,100127,
1.06045,1.06453,1.05740,1.05744,104971,
1.05756,1.06914,1.05652,1.06692,128632,
1.06680,1.06727,1.05765,1.05971,116633,
1.05962,1.06386,1.05882,1.06331,102229,
1.06247,1.06944,1.06221,1.06829,99455,
1.06759,1.06944,1.05461,1.05497,123478,
1.05486,1.05738,1.05241,1.05442,103013,
1.05443,1.05912,1.05374,1.05817,96831,
1.05778,1.07007,1.05739,1.06383,173992,
1.06792,1.07486,1.06502,1.07308,231622,
1.07275,1.07496,1.06788,1.07323,176723,
1.07325,1.07597,1.05160,1.05762,199221,
1.05765,1.06355,1.05507,1.06157,192385,
1.06069,1.06852,1.06068,1.06651,141715,
1.06808,1.07308,1.06313,1.07231,149716,
1.07181,1.07885,1.07039,1.07693,107723,
1.07670,1.09123,1.07588,1.08590,120622,
1.08570,1.09297,1.08241,1.08323,129803,
1.08281,1.08386,1.07132,1.07601,135896,
1.07712,1.08001,1.07449,1.07979,95705,
1.07960,1.08485,1.07940,1.08446,87206,
1.08423,1.08716,1.08177,1.08446,89627,
1.08443,1.09263,1.08235,1.09048,88440,
1.09051,1.09257,1.08368,1.08426,95065,
1.08402,1.09166,1.07882,1.09032,102564,
1.09002,1.09733,1.08827,1.09559,99648,
1.09510,1.09696,1.08910,1.09058,91520,
1.08994,1.09376,1.08847,1.09196,76517,
1.09192,1.09240,1.08764,1.08985,30494,
1.09002,1.09172,1.08313,1.08614,66299,
1.08596,1.09280,1.08566,1.09131,81044,
1.09117,1.10003,1.09084,1.09916,84471,
1.09896,1.10677,1.09767,1.10472,82914,
1.10439,1.10759,1.09724,1.09948,88039,